Kalkulationsstruktur,Preiseinheit,ME,     Preis,Kalkulationslosgröße, Menge,BWME,Wert Gesamt,Währung,Ressource,Fehlerstatus,Preisstrategie (Text),Kostenart (Text),Kennzeichen Baugruppe
,,,,,,,,,,,,,
Laserschneidmaschine  ByCut Star 4020,1,ST,283052.59,1,1,ST,283052.59,CHF,CH10 10178783,,,,X
,,,,,,,,,,,,,
Spiegelsäule  kpl.,1,ST,135.37,0,2,ST,270.73,CHF,CH10 10155076,,Preis aus Einkaufsinfosatz,Zukaufteile,
Lichtschranke  kpl.,1,ST,672.3,0,1,ST,672.3,CHF,CH10 10047680,,Bewertungspreis mit USER-EXIT,Zukaufteile,
Verkleidung,1,ST,18086,0,1,ST,18086,CHF,CH10 10170083,,Planpreis 1,Zukaufteile,
Antrieb  ATW-4020,1,ST,17046.15,0,1,ST,17046.15,CHF,CH10 10177305,,Preis aus Einkaufsinfosatz,Zukaufteile,
Ventilinsel,1,ST,1704.24,5,1,ST,1704.24,CHF,CH10 10171854,,,Montagebaugruppen eig.,X
,,,,,,,,,,,,,
Halter  (K),1,ST,23.37,5,1,ST,23.37,CHF,CH10 10171853,,,Eigenfertigung,X
,,,,,,,,,,,,,
Blechtafel  3x1500x3000 DD11,1,M2,39.3,0,0.146,M2,5.74,CHF,CH10 1301096,,Preis aus Einkaufsinfosatz,Rohmaterial,
,,,,,,,,,,,,,
Ventilinsel  MPA-S,1,ST,1116,0,1,ST,1116,CHF,CH10 10176305,,Planpreis 1,Zukaufteile,
Kabelsatz  +A5 Valve terminal,1,ST,290.01,0,1,ST,290.01,CHF,CH10 10172728,,Planpreis 1,Zukaufteile,
Schlauchsatz  +A5 +B16 Ventilinsel VG,1,ST,150.01,0,1,ST,150.01,CHF,CH10 10173118,,Planpreis 1,Zukaufteile,
,,,,,,,,,,,,,
Versorgungseinheit,1,ST,4437.16,0,1,ST,4437.16,CHF,CH10 10171856,,Preis aus Einkaufsinfosatz,Zukaufteile,
Tastatur  K400 Plus,1,ST,37.9,0,1,ST,37.9,CHF,CH10 10072360,,Bewertungspreis mit USER-EXIT,Zukaufteile,
Zentriereinheit,1,ST,763.03,1,1,ST,763.03,CHF,CH10 10119530,,,Montagebaugruppen eig.,X
,,,,,,,,,,,,,
Stütze  (I),1,ST,371.92,0,1,ST,371.92,CHF,CH10 10119529,,Bewertungspreis mit USER-EXIT,Zukaufteile,
Zentriereinheit,1,ST,105.38,0,1,ST,105.38,CHF,CH10 10119522,,Bewertungspreis mit USER-EXIT,Zukaufteile,
Blech,1,ST,13.12,34,1,ST,13.12,CHF,CH10 10088974,,,Eigenfertigung,X
,,,,,,,,,,,,,
"Blechtafel  4,0x1000x2000 X5CrNi18-10",1,M2,147.17,0,0.047,M2,6.92,CHF,CH10 1700064,,Bewertungspreis laut Preissteuerung im Materialstamm,Rohmaterial,
,,,,,,,,,,,,,
Aufnahme,1,ST,13.08,48,1,ST,13.08,CHF,CH10 10089749,,,Eigenfertigung,X
,,,,,,,,,,,,,
Flach-Al  60x40  AlSi1MgMn,1000,MM,50.19,0,60,MM,3.01,CHF,CH10 1100263,,Preis aus Einkaufsinfosatz,Rohmaterial,
,,,,,,,,,,,,,
Bolzen,1,ST,5.48,0,3,ST,16.44,CHF,CH10 10091906,,Bewertungspreis mit USER-EXIT,Zukaufteile,
Büchse,1,ST,47.52,0,1,ST,47.52,CHF,CH10 10093444,,Bewertungspreis mit USER-EXIT,Zukaufteile,
Bürste,1,ST,21.33,0,1,ST,21.33,CHF,CH10 10026029,,Bewertungspreis mit USER-EXIT,Fremdfertigung,
Gabel,1,ST,13.01,0,1,ST,13.01,CHF,CH10 10089748,,Bewertungspreis mit USER-EXIT,Zukaufteile,
Halteblech  (I),1,ST,10.91,16,1,ST,10.91,CHF,CH10 10136828,,,Eigenfertigung,X
,,,,,,,,,,,,,
Blechtafel  6x1500x3000 DD11,1,M2,78.6,0,0.038,M2,2.99,CHF,CH10 1300179,,Bewertungspreis mit USER-EXIT,Rohmaterial,
,,,,,,,,,,,,,
Einstelllehre  kpl.,1,ST,66.68,1,1,ST,66.68,CHF,CH10 10118774,,,Eigenfertigung,X
,,,,,,,,,,,,,
Halter,1,ST,41.22,0,1,ST,41.22,CHF,CH10 10118773,,Bewertungspreis mit USER-EXIT,Zukaufteile,
Einsatz,1,ST,7.18,0,1,ST,7.18,CHF,CH10 10093408,,Bewertungspreis mit USER-EXIT,Zukaufteile,
Einsatz,1,ST,2.17,0,1,ST,2.17,CHF,CH10 10093410,,Preis aus Einkaufsinfosatz,Zukaufteile,
Einsatz  E-Setup Precision,1,ST,0.87,0,1,ST,0.87,CHF,CH10 10098083,,Preis aus Einkaufsinfosatz,Zukaufteile,
Erdungskabel  L0.25m [AK3.2 BK5.2],1,ST,1.85,50,1,ST,1.85,CHF,CH10 10093411,,,Eigenfertigung,X
,,,,,,,,,,,,,
Kabel  -XPE-XPE[AOBO],1,ST,4.73,5,1,ST,4.73,CHF,CH10 10089880,,,Eigenfertigung,X
Blech,1,ST,6.31,24,1,ST,6.31,CHF,CH10 10039428,,,Eigenfertigung,X
,,,,,,,,,,,,,
"Blechtafel  2,0x1000x2000 X5CrNi18-10",1,M2,75.2,0,0.02,M2,1.5,CHF,CH10 1700056,,Bewertungspreis laut Preissteuerung im Materialstamm,Rohmaterial,
,,,,,,,,,,,,,
Blech,1,ST,4.3,24,1,ST,4.3,CHF,CH10 10039440,,,Eigenfertigung,X
,,,,,,,,,,,,,
"Blechtafel  2,0x1000x2000 X5CrNi18-10",1,M2,75.2,0,0.007,M2,0.53,CHF,CH10 1700056,,Bewertungspreis laut Preissteuerung im Materialstamm,Rohmaterial,
,,,,,,,,,,,,,
Winkel,1,ST,6.2,0,1,ST,6.2,CHF,CH10 10040373,,Preis aus Einkaufsinfosatz,Eigenfertigung,
,,,,,,,,,,,,,
Abluftfilter  Quantum QS4 50Hz,1,ST,9801.02,0,1,ST,9801.02,CHF,CH10 10152365,,Bewertungspreis mit USER-EXIT,Zukaufteile,
Panel-PC  NEOS BVC EMBC1100 16GB,1,ST,2435.23,1,1,ST,2435.23,CHF,CH10 10162459,,,Montagebaugruppen eig.,X
,,,,,,,,,,,,,
PC  NEOS EMBC1100,1,ST,2228.65,5,1,ST,2228.65,CHF,CH10 10162348,,,Montagebaugruppen eig.,X
,,,,,,,,,,,,,
Bildschirm  FSM22,1,ST,847.43,1,1,ST,847.43,CHF,CH10 10141109,,,Eigenfertigung,X
,,,,,,,,,,,,,
Display  FSG215HVN01.0-Air bonding,1,ST,482.5,0,1,ST,482.5,CHF,CH10 10139929,,Bewertungspreis mit USER-EXIT,Zukaufteile,
Display  Alu Case Display FSM22,1,ST,269.07,0,1,ST,269.07,CHF,CH10 10139888,,Bewertungspreis mit USER-EXIT,Zukaufteile,
Kabelbaum  HDBasT USB / LVDS,1,ST,17.79,0,1,ST,17.79,CHF,CH10 10139946,,Bewertungspreis mit USER-EXIT,Zukaufteile,
,,,,,,,,,,,,,
Motherboard  EMBC-1100-BY 16GB kpl.,1,ST,1067.16,0,1,ST,1067.16,CHF,CH10 10116411,,Preis aus Einkaufsinfosatz,Zukaufteile,
Rückwand  EMBC-1100,1,ST,120.4,0,1,ST,120.4,CHF,CH10 10140988,,Preis aus Einkaufsinfosatz,Zukaufteile,
Kabel  EMBC1100,1,ST,20.52,0,1,ST,20.52,CHF,CH10 10152866,,Preis aus Einkaufsinfosatz,Zukaufteile,
Anschlussblech  EMBC-1100,1,ST,2.51,0,1,ST,2.51,CHF,CH10 10140867,,Preis aus Einkaufsinfosatz,Zukaufteile,
Anschlussblech  EMBC-1100,1,ST,10.26,0,1,ST,10.26,CHF,CH10 10152951,,Preis aus Einkaufsinfosatz,Zukaufteile,
"Stecker  DFK-MC 1,5/ 4",1,ST,1.53,0,1,ST,1.53,CHF,CH10 10107015,,Preis aus Einkaufsinfosatz,Zukaufteile,
Litze  L120mm[A:K4 B:F2.8],1,ST,4.64,0,1,ST,4.64,CHF,CH10 10107261,,Bewertungspreis laut Preissteuerung im Materialstamm,Zukaufteile,
Kabel  RF-USV COM4 EMBC-1100,1,ST,25.01,5,1,ST,25.01,CHF,CH10 10107240,,,Eigenfertigung,X
,,,,,,,,,,,,,
Widerstand  5.6kOhm 0.6W,1,ST,0.1,0,1,ST,0.1,CHF,CH10 10108549,,Preis aus Einkaufsinfosatz,Zukaufteile,
,,,,,,,,,,,,,
Verpackung  FSM22,1,ST,20.52,0,1,ST,20.52,CHF,CH10 10142615,,Bewertungspreis mit USER-EXIT,Zukaufteile,
,,,,,,,,,,,,,
Softwaresatz  Bystronic Backup Remote,1,ST,69.88,5,1,ST,69.88,CHF,CH10 10174292,,,Eigenfertigung,X
,,,,,,,,,,,,,
USB Flash Disk  64GB,1,ST,65.67,0,1,ST,65.67,CHF,CH10 10119524,,Preis aus Einkaufsinfosatz,Zukaufteile,
,,,,,,,,,,,,,
Softwarelizenz  WIN 10 IoT LTSC i5 2019,1,ST,72.06,0,1,ST,72.06,CHF,CH10 10122403,,Preis aus Einkaufsinfosatz,Zukaufteile,
Verpackung  USB Flash Disk 10x,1,ST,6.56,0,1,ST,6.56,CHF,CH10 10071954,,Preis aus Einkaufsinfosatz,Zukaufteile,
,,,,,,,,,,,,,
Zubehör,1,ST,691.66,0,1,ST,691.66,CHF,CH10 10178602,,Planpreis 1,Zukaufteile,
Kabelsatz  +C1 Supply ATW,1,ST,166.01,0,1,ST,166.01,CHF,CH10 10172733,,Planpreis 1,Zukaufteile,
Kabelsatz  without additional door,1,ST,5.01,0,1,ST,5.01,CHF,CH10 10172735,,Planpreis 1,Zukaufteile,
Kabelsatz  Absaugung +B13,1,ST,52.01,0,1,ST,52.01,CHF,CH10 10172736,,Planpreis 1,Zukaufteile,
Schneidkopf  SSC V2.2 HLC16 CC,1,ST,8808.99,1,1,ST,8808.99,CHF,CH10 10145822,,,Montagebaugruppen eig.,X
,,,,,,,,,,,,,
Halter,1,ST,41.13,0,1,ST,41.13,CHF,CH10 10097364,,Preis aus Einkaufsinfosatz,Zukaufteile,
Zylinder,1,ST,99.18,0,1,ST,99.18,CHF,CH10 10067170,,Preis aus Einkaufsinfosatz,Zukaufteile,
Blech,1,ST,8.78,0,1,ST,8.78,CHF,CH10 10067175,,Preis aus Einkaufsinfosatz,Zukaufteile,
Rohr,1,ST,1.76,0,1,ST,1.76,CHF,CH10 10067171,,Preis aus Einkaufsinfosatz,Zukaufteile,
Platte,1,ST,76.29,0,1,ST,76.29,CHF,CH10 10087409,,Bewertungspreis mit USER-EXIT,Zukaufteile,
Deckel,1,ST,181.2,20,1,ST,181.2,CHF,CH10 10157406,,,Montagebaugruppen eig.,X
,,,,,,,,,,,,,
Alu-Zuschnitt  100x50x130 AlSi1MgMn,1,ST,13.33,0,1,ST,13.33,CHF,CH10 10169539,,Bewertungspreis mit USER-EXIT,Rohmaterial,
,,,,,,,,,,,,,
Isolation,1,ST,54.24,0,1,ST,54.24,CHF,CH10 10086104,,Bewertungspreis mit USER-EXIT,Zukaufteile,
Klemmring,1,ST,26.76,0,1,ST,26.76,CHF,CH10 10087407,,Preis aus Einkaufsinfosatz,Zukaufteile,
Rohr,1,ST,411.9,0,1,ST,411.9,CHF,CH10 10097356,,Bewertungspreis laut Preissteuerung im Materialstamm,Zukaufteile,
Klemmring,1,ST,60.76,40,1,ST,60.76,CHF,CH10 10157405,,,Eigenfertigung,X
,,,,,,,,,,,,,
Rund-Inox  D65  X3CrNiMo13-4  1.4313,1,MM,0.18,0,32,MM,5.76,CHF,CH10 10067628,,Bewertungspreis mit USER-EXIT,Zukaufteile,
,,,,,,,,,,,,,
Ring,1,ST,52.51,40,1,ST,52.51,CHF,CH10 10077580,,,Eigenfertigung,X
,,,,,,,,,,,,,
Rund-Inox  D65  X3CrNiMo13-4  1.4313,1,MM,0.18,0,36,MM,6.48,CHF,CH10 10067628,,Bewertungspreis mit USER-EXIT,Zukaufteile,
,,,,,,,,,,,,,
Mutter,1,ST,11.57,0,1,ST,11.57,CHF,CH10 10087410,,Preis aus Einkaufsinfosatz,Zukaufteile,
Blech,1,ST,0.98,0,1,ST,0.98,CHF,CH10 10077644,,Preis aus Einkaufsinfosatz,Zukaufteile,
Dichtung,1,ST,1.27,0,1,ST,1.27,CHF,CH10 10077646,,Preis aus Einkaufsinfosatz,Zukaufteile,
Blech,1,ST,3.54,0,1,ST,3.54,CHF,CH10 10087408,,Preis aus Einkaufsinfosatz,Zukaufteile,
Dichtung,1,ST,0.71,0,1,ST,0.71,CHF,CH10 10087403,,Preis aus Einkaufsinfosatz,Zukaufteile,
Print  sscCapacitive,1,ST,87.88,0,1,ST,87.88,CHF,CH10 10111245,,Preis aus Einkaufsinfosatz,Zukaufteile,
Kugel  6mm G28,1,ST,0.1,0,8,ST,0.76,CHF,CH10 10061163,,Preis aus Einkaufsinfosatz,Zukaufteile,
Feder  YCMS55-M3,1,ST,3.19,0,1,ST,3.19,CHF,CH10 10082354,,Bewertungspreis laut Preissteuerung im Materialstamm,Zukaufteile,
Dichtung  FPM 20.8x16.4x2.1,1,ST,13.25,0,1,ST,13.25,CHF,CH10 10118310,,Preis aus Einkaufsinfosatz,Zukaufteile,
O-Ring  ID35.00x1.50 NBR 70.5/P5,1,ST,0.14,0,1,ST,0.14,CHF,CH10 3144937,,Preis aus Einkaufsinfosatz,Zukaufteile,
Platte,1,ST,404.52,10,1,ST,404.52,CHF,CH10 10139345,,,Eigenfertigung,X
,,,,,,,,,,,,,
Alu-Zuschnitt  100x160x342 AlSi1MgMn,10,ST,1343.03,0,1,ST,134.3,CHF,CH10 10067448,,Preis aus Einkaufsinfosatz,Zukaufteile,
,,,,,,,,,,,,,
Schiene,1,ST,15.67,0,2,ST,31.34,CHF,CH10 10113962,,Preis aus Einkaufsinfosatz,Zukaufteile,
Leitblech,1,ST,11.36,0,1,ST,11.36,CHF,CH10 10139829,,Preis aus Einkaufsinfosatz,Zukaufteile,
Leitblech,1,ST,15.08,0,1,ST,15.08,CHF,CH10 10139830,,Preis aus Einkaufsinfosatz,Zukaufteile,
Blech,1,ST,1.16,0,1,ST,1.16,CHF,CH10 10077645,,Preis aus Einkaufsinfosatz,Zukaufteile,
Dichtung,1,ST,1.65,0,1,ST,1.65,CHF,CH10 10067160,,Preis aus Einkaufsinfosatz,Zukaufteile,
Dichtung,1,ST,1.55,0,1,ST,1.55,CHF,CH10 10087459,,Preis aus Einkaufsinfosatz,Zukaufteile,
Dichtung,1,ST,1.4,0,1,ST,1.4,CHF,CH10 10077647,,Bewertungspreis laut Preissteuerung im Materialstamm,Zukaufteile,
Print  sscCapacitiveConn,1,ST,11.04,0,1,ST,11.04,CHF,CH10 10084848,,Bewertungspreis mit USER-EXIT,Zukaufteile,
Potentiometer  HotPot,1,ST,22.77,0,1,ST,22.77,CHF,CH10 10082791,,Bewertungspreis mit USER-EXIT,Zukaufteile,
Führungsschiene  R0445,1,ST,16.43,0,2,ST,32.85,CHF,CH10 10083222,,Preis aus Einkaufsinfosatz,Zukaufteile,
Schlauchsatz  +SSC V2.2 Modul basic,1,ST,29.76,0,1,ST,29.76,CHF,CH10 10146142,,Preis aus Einkaufsinfosatz,Zukaufteile,
Gehäuse,1,ST,80.03,20,1,ST,80.03,CHF,CH10 10132295,,,Eigenfertigung,X
,,,,,,,,,,,,,
Flach-Al  80x50 AlMg4.5Mn0.7,1,MM,0.08,0,140,MM,11.2,CHF,CH10 10081958,,Bewertungspreis mit USER-EXIT,Zukaufteile,
,,,,,,,,,,,,,
Abdeckung,1,ST,6.99,20,1,ST,6.99,CHF,CH10 10077660,,,Eigenfertigung,X
,,,,,,,,,,,,,
Blechtafel  2.0x1000x2000 AlMg1 HH14,1,M2,23.62,0,0.007,M2,0.17,CHF,CH10 1050102,,Preis aus Einkaufsinfosatz,Rohmaterial,
,,,,,,,,,,,,,
Gehäuse,1,ST,6.41,0,1,ST,6.41,CHF,CH10 10090661,,Preis aus Einkaufsinfosatz,Zukaufteile,
Bolzen,1,ST,7.13,0,1,ST,7.13,CHF,CH10 10090662,,Preis aus Einkaufsinfosatz,Zukaufteile,
Leitblech,1,ST,5.27,40,1,ST,5.27,CHF,CH10 10143980,,,Eigenfertigung,X
,,,,,,,,,,,,,
Blechtafel  1.0x1000x2000 AlMg1 HH14,1,M2,10.21,0,0.002,M2,0.02,CHF,CH10 1050201,,Preis aus Einkaufsinfosatz,Rohmaterial,
,,,,,,,,,,,,,
Klappe,1,ST,14.18,0,1,ST,14.18,CHF,CH10 10117067,,Preis aus Einkaufsinfosatz,Zukaufteile,
Halter,1,ST,17.86,0,1,ST,17.86,CHF,CH10 10117066,,Bewertungspreis mit USER-EXIT,Zukaufteile,
Dichtung,1,ST,2.12,0,1,ST,2.12,CHF,CH10 10121783,,Preis aus Einkaufsinfosatz,Zukaufteile,
Dichtung,1,ST,1.63,0,1,ST,1.63,CHF,CH10 10083320,,Preis aus Einkaufsinfosatz,Zukaufteile,
Dichtung,1,ST,0.9,0,1,ST,0.9,CHF,CH10 10095506,,Preis aus Einkaufsinfosatz,Zukaufteile,
Winkeleinschraubanschluss,1,ST,35.39,0,2,ST,70.78,CHF,CH10 10114260,,Bewertungspreis mit USER-EXIT,Zukaufteile,
Print  sscLensDrive kpl.,1,ST,509.77,0,1,ST,509.77,CHF,CH10 10149361,,Preis aus Einkaufsinfosatz,Zukaufteile,
Verbindung,1,ST,11.83,0,1,ST,11.83,CHF,CH10 10139831,,Preis aus Einkaufsinfosatz,Zukaufteile,
Blech,1,ST,1.65,0,1,ST,1.65,CHF,CH10 10096992,,Preis aus Einkaufsinfosatz,Zukaufteile,
Blech,1,ST,5.11,0,1,ST,5.11,CHF,CH10 10113949,,Preis aus Einkaufsinfosatz,Zukaufteile,
Dichtung,1,ST,2.89,0,1,ST,2.89,CHF,CH10 10113948,,Preis aus Einkaufsinfosatz,Zukaufteile,
Dichtung,1,ST,0.95,0,1,ST,0.95,CHF,CH10 10095507,,Preis aus Einkaufsinfosatz,Zukaufteile,
Print  sscController kpl.,1,ST,207.64,0,1,ST,207.64,CHF,CH10 10095514,,Preis aus Einkaufsinfosatz,Zukaufteile,
Spiralfeder  SF 63 / 80 / 20,1,ST,20.56,0,1,ST,20.56,CHF,CH10 10126765,,Preis aus Einkaufsinfosatz,Zukaufteile,
Halter,1,ST,17.05,0,1,ST,17.05,CHF,CH10 10116002,,Bewertungspreis mit USER-EXIT,Zukaufteile,
Düse  ø3,1,ST,1.17,0,1,ST,1.17,CHF,CH10 10116004,,Preis aus Einkaufsinfosatz,Zukaufteile,
Blech,1,ST,1.86,0,1,ST,1.86,CHF,CH10 10087455,,Preis aus Einkaufsinfosatz,Zukaufteile,
Abdeckkappe  M8,1,ST,0.23,0,1,ST,0.23,CHF,CH10 10077011,,Bewertungspreis laut Preissteuerung im Materialstamm,Zukaufteile,
Halter,1,ST,154.97,0,1,ST,154.97,CHF,CH10 10142194,,Preis aus Einkaufsinfosatz,Zukaufteile,
Halter,1,ST,73.97,0,1,ST,73.97,CHF,CH10 10142155,,Preis aus Einkaufsinfosatz,Zukaufteile,
Blende,1,ST,200.42,0,1,ST,200.42,CHF,CH10 10157846,,Preis aus Einkaufsinfosatz,Zukaufteile,
Ring,1,ST,2.58,0,1,ST,2.58,CHF,CH10 10077665,,Preis aus Einkaufsinfosatz,Zukaufteile,
Mutter,1,ST,8.42,0,1,ST,8.42,CHF,CH10 10077664,,Preis aus Einkaufsinfosatz,Zukaufteile,
Blech,1,ST,2.94,0,1,ST,2.94,CHF,CH10 10090819,,Preis aus Einkaufsinfosatz,Zukaufteile,
Blech,1,ST,4.08,0,1,ST,4.08,CHF,CH10 10077671,,Preis aus Einkaufsinfosatz,Zukaufteile,
Schutzblech,1,ST,6.41,0,1,ST,6.41,CHF,CH10 10142154,,Preis aus Einkaufsinfosatz,Zukaufteile,
Hülse  ZBH-5,1,ST,0.63,0,2,ST,1.26,CHF,CH10 10142337,,Preis aus Einkaufsinfosatz,Zukaufteile,
Sockel,1,ST,58.58,0,1,ST,58.58,CHF,CH10 10126113,,Bewertungspreis mit USER-EXIT,Zukaufteile,
Schlitten,1,ST,253.26,10,1,ST,253.26,CHF,CH10 10144711,,,Eigenfertigung,X
,,,,,,,,,,,,,
4kt-Alu  125 /125 EN AW-Al Si1MgMn,1000,MM,219.27,0,180,MM,39.47,CHF,CH10 1101910,,Bewertungspreis mit USER-EXIT,Rohmaterial,
,,,,,,,,,,,,,
Gehäuse,1,ST,139.86,20,1,ST,139.86,CHF,CH10 10153231,,,Eigenfertigung,X
,,,,,,,,,,,,,
Alu-Zuschnitt  100x50x130 AlSi1MgMn,1,ST,13.33,0,1,ST,13.33,CHF,CH10 10169539,,Bewertungspreis mit USER-EXIT,Rohmaterial,
,,,,,,,,,,,,,
Gehäuse,1,ST,130,0,1,ST,130,CHF,CH10 10122890,,Bewertungspreis mit USER-EXIT,Zukaufteile,
Klotz,1,ST,13.64,0,1,ST,13.64,CHF,CH10 10115052,,Preis aus Einkaufsinfosatz,Zukaufteile,
Klotz,1,ST,15.77,120,1,ST,15.77,CHF,CH10 10113744,,,Eigenfertigung,X
,,,,,,,,,,,,,
4kt-Alu  30/30 EN AW-Al Si1MgMn,1000,MM,18.96,0,47,MM,0.89,CHF,CH10 1101830,,Preis aus Einkaufsinfosatz,Rohmaterial,
,,,,,,,,,,,,,
Rohr,1,ST,186.02,0,1,ST,186.02,CHF,CH10 10127848,,Bewertungspreis laut Preissteuerung im Materialstamm,Zukaufteile,
Schlitten,1,ST,61.37,0,1,ST,61.37,CHF,CH10 10133701,,Preis aus Einkaufsinfosatz,Zukaufteile,
Gehäuse,1,ST,195.26,0,1,ST,195.26,CHF,CH10 10148205,,Bewertungspreis mit USER-EXIT,Zukaufteile,
Halter,1,ST,24.69,0,1,ST,24.69,CHF,CH10 10125493,,Preis aus Einkaufsinfosatz,Zukaufteile,
Halter,1,ST,21.3,0,1,ST,21.3,CHF,CH10 10125494,,Bewertungspreis laut Preissteuerung im Materialstamm,Zukaufteile,
Halter,1,ST,16.68,0,1,ST,16.68,CHF,CH10 10125495,,Preis aus Einkaufsinfosatz,Zukaufteile,
Halter,1,ST,25.91,0,1,ST,25.91,CHF,CH10 10125496,,Bewertungspreis laut Preissteuerung im Materialstamm,Zukaufteile,
Deckel,1,ST,64.7,20,1,ST,64.7,CHF,CH10 10113725,,,Eigenfertigung,X
,,,,,,,,,,,,,
Alu-Zuschnitt  90x124x15 PCP 250,1,ST,11.98,0,1,ST,11.98,CHF,CH10 10169547,,Bewertungspreis mit USER-EXIT,Rohmaterial,
,,,,,,,,,,,,,
Auflage,1,ST,10.54,0,1,ST,10.54,CHF,CH10 10097363,,Bewertungspreis mit USER-EXIT,Zukaufteile,
Blech,1,ST,5.58,0,1,ST,5.58,CHF,CH10 10095620,,Preis aus Einkaufsinfosatz,Zukaufteile,
Halter,1,ST,10.23,0,1,ST,10.23,CHF,CH10 10133670,,Preis aus Einkaufsinfosatz,Zukaufteile,
Schutzblech,1,ST,3,0,1,ST,3,CHF,CH10 10125464,,Preis aus Einkaufsinfosatz,Zukaufteile,
Blech,1,ST,2.58,0,1,ST,2.58,CHF,CH10 10126148,,Preis aus Einkaufsinfosatz,Zukaufteile,
Deckel,1,ST,8.85,0,1,ST,8.85,CHF,CH10 10125465,,Preis aus Einkaufsinfosatz,Zukaufteile,
Print  HLC-16 kpl.,1,ST,34.27,5,1,ST,34.27,CHF,CH10 10127502,,,Eigenfertigung,X
,,,,,,,,,,,,,
Print  HLC-16,1,ST,5.11,0,1,ST,5.11,CHF,CH10 10127783,,Preis aus Einkaufsinfosatz,Zukaufteile,
,,,,,,,,,,,,,
Steckergehäuse  1.25 W/B CONN.,1,ST,0.08,0,1,ST,0.08,CHF,CH10 10126295,,Preis aus Einkaufsinfosatz,Zukaufteile,
Führung,1,ST,16.43,0,2,ST,32.85,CHF,CH10 10120284,,Preis aus Einkaufsinfosatz,Zukaufteile,
Präzisionsschalter  MY-COM B100,1,ST,83.12,0,1,ST,83.12,CHF,CH10 10147615,,Bewertungspreis mit USER-EXIT,Zukaufteile,
Führung  kpl. D5,1,ST,104.8,0,2,ST,209.6,CHF,CH10 10066485,,Preis aus Einkaufsinfosatz,Zukaufteile,
Führungswagen  R0444,1,ST,18.51,0,4,ST,74.04,CHF,CH10 10083221,,Bewertungspreis mit USER-EXIT,Zukaufteile,
Leitungsfilter,1,ST,50.35,0,1,ST,50.35,CHF,CH10 10101106,,Preis aus Einkaufsinfosatz,Zukaufteile,
Leitungsfilter,1,ST,35.15,0,1,ST,35.15,CHF,CH10 10102734,,Preis aus Einkaufsinfosatz,Zukaufteile,
O-Ring  ID4.50x1.50 FKM GN,100,ST,15.6,0,4,ST,0.62,CHF,CH10 10142324,,Bewertungspreis laut Preissteuerung im Materialstamm,Zukaufteile,
Spindel  Movis  C ED616X/V6154X,1,ST,339.3,0,1,ST,339.3,CHF,CH10 10131978,,Bewertungspreis mit USER-EXIT,Zukaufteile,
Druckfeder  0.4x3.2x6.0,1,ST,0.35,0,2,ST,0.7,CHF,CH10 10071598,,Preis aus Einkaufsinfosatz,Zukaufteile,
Schlauch  D6/4  Kristall  PUER,1,M,0.62,0,0.3,M,0.19,CHF,CH10 10131220,,Bewertungspreis laut Preissteuerung im Materialstamm,Zukaufteile,
Dichtung,1,ST,8.45,0,1,ST,8.45,CHF,CH10 10113727,,Preis aus Einkaufsinfosatz,Zukaufteile,
Dichtung,1,ST,0.75,0,1,ST,0.75,CHF,CH10 10083319,,Preis aus Einkaufsinfosatz,Zukaufteile,
Dichtung,1,ST,0.9,0,1,ST,0.9,CHF,CH10 10083288,,Preis aus Einkaufsinfosatz,Zukaufteile,
Umlenkspiegel,1,ST,50.39,0,1,ST,50.39,CHF,CH10 10060773,,Bewertungspreis mit USER-EXIT,Zukaufteile,
Filter  KP700KG5,1,ST,58.73,0,1,ST,58.73,CHF,CH10 10076144,,Preis aus Einkaufsinfosatz,Zukaufteile,
Print  sscCutControl,1,ST,35.48,0,1,ST,35.48,CHF,CH10 10137566,,Preis aus Einkaufsinfosatz,Zukaufteile,
Print  sscMirrorConn,1,ST,34.34,0,1,ST,34.34,CHF,CH10 10109074,,Preis aus Einkaufsinfosatz,Zukaufteile,
Print  sscMirrorControl,1,ST,56.96,0,1,ST,56.96,CHF,CH10 10142926,,Preis aus Einkaufsinfosatz,Zukaufteile,
Kabel  FFC 20P L=50mm,1,ST,0.9,0,1,ST,0.9,CHF,CH10 10142375,,Preis aus Einkaufsinfosatz,Zukaufteile,
Kabel  FFC 30P L=100mm,1,ST,1.28,0,1,ST,1.28,CHF,CH10 10142379,,Bewertungspreis laut Preissteuerung im Materialstamm,Zukaufteile,
Dichtung,1,ST,1.24,0,1,ST,1.24,CHF,CH10 10126150,,Preis aus Einkaufsinfosatz,Zukaufteile,
Dichtung,1,ST,3,0,1,ST,3,CHF,CH10 10126149,,Preis aus Einkaufsinfosatz,Zukaufteile,
Dichtung,1,ST,1.08,0,1,ST,1.08,CHF,CH10 10114213,,Preis aus Einkaufsinfosatz,Zukaufteile,
Dichtung,1,ST,1.05,0,1,ST,1.05,CHF,CH10 10083287,,Preis aus Einkaufsinfosatz,Zukaufteile,
Print  sscControllerConn MBS E5203,1,ST,147.3,0,1,ST,147.3,CHF,CH10 10145233,,Preis aus Einkaufsinfosatz,Zukaufteile,
"Kabel  Flex L=205mm, 50p",1,ST,3.1,0,1,ST,3.1,CHF,CH10 10066834,,Bewertungspreis mit USER-EXIT,Zukaufteile,
Linse  ZnS-70mm-3mm,1,ST,1053.48,0,1,ST,1053.48,CHF,CH10 10085546,,Bewertungspreis mit USER-EXIT,Zukaufteile,
Schublade,1,ST,165.51,5,1,ST,165.51,CHF,CH10 10150286,,,Eigenfertigung,X
,,,,,,,,,,,,,
Fassung,1,ST,43.08,0,1,ST,43.08,CHF,CH10 10132286,,Bewertungspreis mit USER-EXIT,Zukaufteile,
Deckel,1,ST,28.41,0,1,ST,28.41,CHF,CH10 10119889,,Preis aus Einkaufsinfosatz,Zukaufteile,
Print  sscDrawerOben,1,ST,2.23,0,1,ST,2.23,CHF,CH10 10114117,,Preis aus Einkaufsinfosatz,Zukaufteile,
"Glas  D=34, T=1.5",1,ST,37.58,0,1,ST,37.58,CHF,CH10 10145866,,Bewertungspreis mit USER-EXIT,Zukaufteile,
Dichtung  36.4x3.6 PTFE,1,ST,16.48,0,1,ST,16.48,CHF,CH10 10071593,,Bewertungspreis mit USER-EXIT,Zukaufteile,
,,,,,,,,,,,,,
Schublade,1,ST,154.92,5,1,ST,154.92,CHF,CH10 10150285,,,Eigenfertigung,X
,,,,,,,,,,,,,
Fassung,1,ST,39.64,0,1,ST,39.64,CHF,CH10 10123162,,Bewertungspreis mit USER-EXIT,Zukaufteile,
Deckel,1,ST,38.74,0,1,ST,38.74,CHF,CH10 10123161,,Preis aus Einkaufsinfosatz,Zukaufteile,
"Glas  D=34, T=3",1,ST,20.07,0,1,ST,20.07,CHF,CH10 10145862,,Bewertungspreis mit USER-EXIT,Zukaufteile,
Print  sscDrawerBeamShaper,1,ST,2.28,0,1,ST,2.28,CHF,CH10 10114118,,Bewertungspreis mit USER-EXIT,Zukaufteile,
Dichtung  36.4x3.6 PTFE,1,ST,16.48,0,1,ST,16.48,CHF,CH10 10071593,,Bewertungspreis mit USER-EXIT,Zukaufteile,
,,,,,,,,,,,,,
Energieführung,1,ST,350.01,0,1,ST,350.01,CHF,CH10 10172659,,Planpreis 1,Zukaufteile,
Energieführung,1,ST,1500.01,0,1,ST,1500.01,CHF,CH10 10172658,,Planpreis 1,Zukaufteile,
GASCON7 2G,1,ST,1523.82,0,1,ST,1523.82,CHF,CH10 10090136,,Bewertungspreis mit USER-EXIT,Zukaufteile,
"Ger.Einschraubanschluss  D12 G3/8""",1,ST,3.76,0,1,ST,3.76,CHF,CH10 7079813,,Preis aus Einkaufsinfosatz,Zukaufteile,
Laser  YLS-10-U-Y20 FF HLC-16-100/200-25,1,ST,90305.34,0,1,ST,90305.34,CHF,CH10 10135919,,Preis aus Einkaufsinfosatz,Zukaufteile,
Adapter  2.0 Precision,1,ST,23.14,0,1,ST,23.14,CHF,CH10 10114605,,Bewertungspreis mit USER-EXIT,Zukaufteile,
Hülse,1,ST,2.01,0,1,ST,2.01,CHF,CH10 10075057,,Bewertungspreis mit USER-EXIT,Zukaufteile,
Montagematerial  HLC16 SSC V2.2,1,ST,530.76,5,1,ST,530.76,CHF,CH10 10146140,,,Eigenfertigung,X
,,,,,,,,,,,,,
Ring,1,ST,63.72,0,1,ST,63.72,CHF,CH10 10125466,,Bewertungspreis laut Preissteuerung im Materialstamm,Zukaufteile,
Mutter,1,ST,413.24,0,1,ST,413.24,CHF,CH10 10125837,,Preis aus Einkaufsinfosatz,Zukaufteile,
Doppelstecknippel  D6,1,ST,0.39,1,1,ST,0.39,CHF,CH10 500110,,Preis aus Einkaufsinfosatz,Zukaufteile,
Schlauchsatz  +SSC HLC16,1,ST,21.49,0,1,ST,21.49,CHF,CH10 10146141,,Preis aus Einkaufsinfosatz,Zukaufteile,
,,,,,,,,,,,,,
Ventil  D25,1,ST,25.88,0,2,ST,51.76,CHF,CH10 10129112,,Bewertungspreis mit USER-EXIT,Zukaufteile,
Kabelsatz  U-Laser,1,ST,325.01,0,1,ST,325.01,CHF,CH10 10172717,,Planpreis 1,Zukaufteile,
Kabelsatz  Laser 10kW,1,ST,30.01,0,1,ST,30.01,CHF,CH10 10172720,,Planpreis 1,Zukaufteile,
Maschinenrahmen  (I),1,ST,18080.87,1,1,ST,18080.87,CHF,CH10 10170070,,,Montagebaugruppen eig.,X
,,,,,,,,,,,,,
Rippe,1,ST,28.38,20,4,ST,113.51,CHF,CH10 10170933,,,Eigenfertigung,X
,,,,,,,,,,,,,
Blechtafel  12x1500x3000 DD11,1,M2,161.16,0,0.592,M2,95.41,CHF,CH10 1301125,,Bewertungspreis mit USER-EXIT,Rohmaterial,
,,,,,,,,,,,,,
Rippe,1,ST,20.35,35,7,ST,142.46,CHF,CH10 10170934,,,Eigenfertigung,X
,,,,,,,,,,,,,
Blechtafel  12x1500x3000 DD11,1,M2,161.16,0,0.714,M2,115.07,CHF,CH10 1301125,,Bewertungspreis mit USER-EXIT,Rohmaterial,
,,,,,,,,,,,,,
Rippe,1,ST,9.11,25,5,ST,45.53,CHF,CH10 10170935,,,Eigenfertigung,X
,,,,,,,,,,,,,
Blechtafel  12x1500x3000 DD11,1,M2,161.16,0,0.19,M2,30.62,CHF,CH10 1301125,,Bewertungspreis mit USER-EXIT,Rohmaterial,
,,,,,,,,,,,,,
Gewindeplatte,1,ST,19.4,20,4,ST,77.59,CHF,CH10 10170936,,,Eigenfertigung,X
,,,,,,,,,,,,,
Blechtafel  25x1000x2000 S235JRC  C Las,1,M2,288.88,0,0.1,M2,28.89,CHF,CH10 1301022,,Preis aus Einkaufsinfosatz,Rohmaterial,
,,,,,,,,,,,,,
Rippe,1,ST,20.08,10,2,ST,40.16,CHF,CH10 10170939,,,Eigenfertigung,X
,,,,,,,,,,,,,
Blechtafel  12x1500x3000 DD11,1,M2,161.16,0,0.204,M2,32.88,CHF,CH10 1301125,,Bewertungspreis mit USER-EXIT,Rohmaterial,
,,,,,,,,,,,,,
Rippe,1,ST,18.4,30,6,ST,110.4,CHF,CH10 10170938,,,Eigenfertigung,X
,,,,,,,,,,,,,
Blechtafel  12x1500x3000 DD11,1,M2,161.16,0,0.558,M2,89.93,CHF,CH10 1301125,,Bewertungspreis mit USER-EXIT,Rohmaterial,
,,,,,,,,,,,,,
Rippe,1,ST,9.39,10,2,ST,18.77,CHF,CH10 10170940,,,Eigenfertigung,X
,,,,,,,,,,,,,
Blechtafel  12x1500x3000 DD11,1,M2,161.16,0,0.092,M2,14.83,CHF,CH10 1301125,,Bewertungspreis mit USER-EXIT,Rohmaterial,
,,,,,,,,,,,,,
Rippe,1,ST,13.39,15,3,ST,40.18,CHF,CH10 10170941,,,Eigenfertigung,X
,,,,,,,,,,,,,
Blechtafel  12x1500x3000 DD11,1,M2,161.16,0,0.189,M2,30.46,CHF,CH10 1301125,,Bewertungspreis mit USER-EXIT,Rohmaterial,
,,,,,,,,,,,,,
Rippe,1,ST,8.66,10,2,ST,17.32,CHF,CH10 10170943,,,Eigenfertigung,X
,,,,,,,,,,,,,
Blechtafel  12x1500x3000 DD11,1,M2,161.16,0,0.074,M2,11.93,CHF,CH10 1301125,,Bewertungspreis mit USER-EXIT,Rohmaterial,
,,,,,,,,,,,,,
Rippe,1,ST,29.34,10,2,ST,58.68,CHF,CH10 10170942,,,Eigenfertigung,X
,,,,,,,,,,,,,
Blechtafel  12x1500x3000 DD11,1,M2,161.16,0,0.312,M2,50.28,CHF,CH10 1301125,,Bewertungspreis mit USER-EXIT,Rohmaterial,
,,,,,,,,,,,,,
Rippe,1,ST,43.49,10,2,ST,86.99,CHF,CH10 10170944,,,Eigenfertigung,X
,,,,,,,,,,,,,
Blechtafel  12x1500x3000 DD11,1,M2,161.16,0,0.458,M2,73.81,CHF,CH10 1301125,,Bewertungspreis mit USER-EXIT,Rohmaterial,
,,,,,,,,,,,,,
Gewindeplatte,1,ST,26.81,20,4,ST,107.23,CHF,CH10 10170945,,,Eigenfertigung,X
,,,,,,,,,,,,,
Blechtafel  25x1000x2000 S235JRC  C Las,1,M2,288.87,0,0.184,M2,53.15,CHF,CH10 1301022,,Preis aus Einkaufsinfosatz,Rohmaterial,
,,,,,,,,,,,,,
Platte,1,ST,84,5,1,ST,84,CHF,CH10 10170946,,,Eigenfertigung,X
,,,,,,,,,,,,,
Blechtafel  20x1500x3000  S235JRC MC,1,M2,285.14,0,0.258,M2,73.57,CHF,CH10 1301026,,Bewertungspreis mit USER-EXIT,Rohmaterial,
,,,,,,,,,,,,,
Platte,1,ST,119.96,5,1,ST,119.96,CHF,CH10 10170947,,,Eigenfertigung,X
,,,,,,,,,,,,,
Blechtafel  20x1500x3000  S235JRC MC,1,M2,285.14,0,0.368,M2,104.93,CHF,CH10 1301026,,Bewertungspreis mit USER-EXIT,Rohmaterial,
,,,,,,,,,,,,,
Flach,1,ST,79.04,0,2,ST,158.08,CHF,CH10 10170948,,Bewertungspreis laut Preissteuerung im Materialstamm,Zukaufteile,
Platte,1,ST,74.29,5,1,ST,74.29,CHF,CH10 10170949,,,Eigenfertigung,X
,,,,,,,,,,,,,
Blechtafel  12x1500x3000 DD11,1,M2,161.16,0,0.407,M2,65.59,CHF,CH10 1301125,,Bewertungspreis mit USER-EXIT,Rohmaterial,
,,,,,,,,,,,,,
Profil,1,ST,783.94,0,2,ST,1567.88,CHF,CH10 10170952,,Bewertungspreis laut Preissteuerung im Materialstamm,Zukaufteile,
Profil,1,ST,10.81,0,2,ST,21.62,CHF,CH10 10170950,,Bewertungspreis laut Preissteuerung im Materialstamm,Zukaufteile,
Platte,1,ST,24.72,0,1,ST,24.72,CHF,CH10 10066826,,Preis aus Einkaufsinfosatz,Zukaufteile,
Rippe,1,ST,16.89,5,1,ST,16.89,CHF,CH10 10170963,,,Eigenfertigung,X
,,,,,,,,,,,,,
Blechtafel  12x1500x3000 DD11,1,M2,161.16,0,0.085,M2,13.7,CHF,CH10 1301125,,Bewertungspreis mit USER-EXIT,Rohmaterial,
,,,,,,,,,,,,,
Rippe,1,ST,29.34,5,1,ST,29.34,CHF,CH10 10170964,,,Eigenfertigung,X
,,,,,,,,,,,,,
Blechtafel  12x1500x3000 DD11,1,M2,161.16,0,0.156,M2,25.14,CHF,CH10 1301125,,Bewertungspreis mit USER-EXIT,Rohmaterial,
,,,,,,,,,,,,,
U-Profil,1,ST,556.78,0,1,ST,556.78,CHF,CH10 10170966,,Bewertungspreis laut Preissteuerung im Materialstamm,Zukaufteile,
Platte,1,ST,12.73,5,1,ST,12.73,CHF,CH10 10170967,,,Eigenfertigung,X
,,,,,,,,,,,,,
Blechtafel  6x1500x3000 DD11,1,M2,78.6,0,0.118,M2,9.27,CHF,CH10 1300179,,Bewertungspreis mit USER-EXIT,Rohmaterial,
,,,,,,,,,,,,,
Platte,1,ST,45.17,5,1,ST,45.17,CHF,CH10 10170968,,,Eigenfertigung,X
,,,,,,,,,,,,,
Blechtafel  6x1500x3000 DD11,1,M2,78.6,0,0.4,M2,31.44,CHF,CH10 1300179,,Bewertungspreis mit USER-EXIT,Rohmaterial,
,,,,,,,,,,,,,
Platte,1,ST,37.19,5,1,ST,37.19,CHF,CH10 10170979,,,Eigenfertigung,X
,,,,,,,,,,,,,
Blechtafel  6x1500x3000 DD11,1,M2,78.6,0,0.342,M2,26.88,CHF,CH10 1300179,,Bewertungspreis mit USER-EXIT,Rohmaterial,
,,,,,,,,,,,,,
Platte,1,ST,1390.28,0,1,ST,1390.28,CHF,CH10 10170980,,Preis aus Einkaufsinfosatz,Zukaufteile,
Platte,1,ST,9.96,5,1,ST,9.96,CHF,CH10 10170981,,,Eigenfertigung,X
,,,,,,,,,,,,,
Blechtafel  6x1500x3000 DD11,1,M2,78.6,0,0.08,M2,6.29,CHF,CH10 1300179,,Bewertungspreis mit USER-EXIT,Rohmaterial,
,,,,,,,,,,,,,
Platte,1,ST,45.14,5,1,ST,45.14,CHF,CH10 10170983,,,Eigenfertigung,X
,,,,,,,,,,,,,
Blechtafel  6x1500x3000 DD11,1,M2,78.6,0,0.411,M2,32.3,CHF,CH10 1300179,,Bewertungspreis mit USER-EXIT,Rohmaterial,
,,,,,,,,,,,,,
Platte,1,ST,19.56,5,1,ST,19.56,CHF,CH10 10170982,,,Eigenfertigung,X
,,,,,,,,,,,,,
Blechtafel  12x1500x3000 DD11,1,M2,161.16,0,0.099,M2,15.95,CHF,CH10 1301125,,Bewertungspreis mit USER-EXIT,Rohmaterial,
,,,,,,,,,,,,,
Platte,1,ST,1402.88,0,1,ST,1402.88,CHF,CH10 10170985,,Preis aus Einkaufsinfosatz,Zukaufteile,
Platte,1,ST,1390.28,0,1,ST,1390.28,CHF,CH10 10170984,,Preis aus Einkaufsinfosatz,Zukaufteile,
Platte,1,ST,1415.86,0,1,ST,1415.86,CHF,CH10 10170986,,Preis aus Einkaufsinfosatz,Zukaufteile,
Platte,1,ST,46.93,5,1,ST,46.93,CHF,CH10 10170987,,,Eigenfertigung,X
,,,,,,,,,,,,,
Blechtafel  6x1500x3000 DD11,1,M2,78.6,0,0.39,M2,30.65,CHF,CH10 1300179,,Bewertungspreis mit USER-EXIT,Rohmaterial,
,,,,,,,,,,,,,
U-Profil,1,ST,509.1,0,1,ST,509.1,CHF,CH10 10170988,,Preis aus Einkaufsinfosatz,Zukaufteile,
Blech,1,ST,39.53,5,1,ST,39.53,CHF,CH10 10170990,,,Eigenfertigung,X
,,,,,,,,,,,,,
Blechtafel  6x1500x3000 DD11,1,M2,78.6,0,0.342,M2,26.88,CHF,CH10 1300179,,Bewertungspreis mit USER-EXIT,Rohmaterial,
,,,,,,,,,,,,,
Blech,1,ST,40.01,5,1,ST,40.01,CHF,CH10 10170989,,,Eigenfertigung,X
,,,,,,,,,,,,,
Blechtafel  6x1500x3000 DD11,1,M2,78.6,0,0.351,M2,27.59,CHF,CH10 1300179,,Bewertungspreis mit USER-EXIT,Rohmaterial,
,,,,,,,,,,,,,
Flach,1,ST,2.01,60,12,ST,24.07,CHF,CH10 10178330,,,Eigenfertigung,X
,,,,,,,,,,,,,
Blechtafel  6x1500x3000 DD11,1,M2,50.33,0,0.144,M2,7.25,CHF,CH10 1300179,,Bewertungspreis mit USER-EXIT,Rohmaterial,
,,,,,,,,,,,,,
Büchse,1,ST,19.89,80,2,ST,39.77,CHF,CH10 10132002,,,Eigenfertigung,X
,,,,,,,,,,,,,
Automatenstahl  D=80h9 11SMn30+C,1000,MM,79.37,0,90,MM,7.14,CHF,CH10 1250108,,Preis aus Einkaufsinfosatz,Rohmaterial,
,,,,,,,,,,,,,
Spickel,1,ST,6.68,10,2,ST,13.37,CHF,CH10 10170954,,,Eigenfertigung,X
,,,,,,,,,,,,,
Blechtafel  6x1500x3000 DD11,1,M2,78.6,0,0.124,M2,9.75,CHF,CH10 1300179,,Bewertungspreis mit USER-EXIT,Rohmaterial,
,,,,,,,,,,,,,
Spickel,1,ST,5.63,10,2,ST,11.26,CHF,CH10 10170951,,,Eigenfertigung,X
,,,,,,,,,,,,,
Blechtafel  6x1500x3000 DD11,1,M2,78.6,0,0.102,M2,8.02,CHF,CH10 1300179,,Bewertungspreis mit USER-EXIT,Rohmaterial,
,,,,,,,,,,,,,
Blech,1,ST,199.85,5,1,ST,199.85,CHF,CH10 10170955,,,Eigenfertigung,X
,,,,,,,,,,,,,
Blechtafel  6x1500x3000 DD11,1,M2,78.6,0,2.139,M2,168.13,CHF,CH10 1300179,,Bewertungspreis mit USER-EXIT,Rohmaterial,
,,,,,,,,,,,,,
Blech,1,ST,163.55,5,1,ST,163.55,CHF,CH10 10170953,,,Eigenfertigung,X
,,,,,,,,,,,,,
Blechtafel  6x1500x3000 DD11,1,M2,78.6,0,1.705,M2,134.01,CHF,CH10 1300179,,Bewertungspreis mit USER-EXIT,Rohmaterial,
,,,,,,,,,,,,,
Büchse,1,ST,19.89,80,2,ST,39.77,CHF,CH10 10132002,,,Eigenfertigung,X
,,,,,,,,,,,,,
Automatenstahl  D=80h9 11SMn30+C,1000,MM,79.37,0,90,MM,7.14,CHF,CH10 1250108,,Preis aus Einkaufsinfosatz,Rohmaterial,
,,,,,,,,,,,,,
Spickel,1,ST,7.11,10,2,ST,14.22,CHF,CH10 10170958,,,Eigenfertigung,X
,,,,,,,,,,,,,
Blechtafel  6x1500x3000 DD11,1,M2,78.6,0,0.144,M2,11.32,CHF,CH10 1300179,,Bewertungspreis mit USER-EXIT,Rohmaterial,
,,,,,,,,,,,,,
Spickel,1,ST,5.93,10,2,ST,11.86,CHF,CH10 10170959,,,Eigenfertigung,X
,,,,,,,,,,,,,
Blechtafel  6x1500x3000 DD11,1,M2,78.6,0,0.106,M2,8.33,CHF,CH10 1300179,,Bewertungspreis mit USER-EXIT,Rohmaterial,
,,,,,,,,,,,,,
U-Profil,1,ST,266.12,5,1,ST,266.12,CHF,CH10 10170961,,,Eigenfertigung,X
,,,,,,,,,,,,,
Blechtafel  6x1500x3000 DD11,1,M2,78.6,0,2.823,M2,221.89,CHF,CH10 1300179,,Bewertungspreis mit USER-EXIT,Rohmaterial,
,,,,,,,,,,,,,
U-Profil,1,ST,87.67,5,1,ST,87.67,CHF,CH10 10170960,,,Eigenfertigung,X
,,,,,,,,,,,,,
Blechtafel  6x1500x3000 DD11,1,M2,78.6,0,0.832,M2,65.4,CHF,CH10 1300179,,Bewertungspreis mit USER-EXIT,Rohmaterial,
,,,,,,,,,,,,,
Ringschraube  M30 VRS-F Art.7101317,1,ST,47.45,0,4,ST,189.8,CHF,CH10 2351205,,Bewertungspreis laut Preissteuerung im Materialstamm,Zukaufteile,
Kabelsatz  +B16 machine frame,1,ST,3340.01,0,1,ST,3340.01,CHF,CH10 10172716,,Planpreis 1,Zukaufteile,
Schlauchsatz  +B16 MR,1,ST,150,0,1,ST,150,CHF,CH10 10173105,,Planpreis 1,Zukaufteile,
Schlauchsatz  +B16 Tischklemmen MR,1,ST,30.01,0,1,ST,30.01,CHF,CH10 10173108,,Planpreis 1,Zukaufteile,
Schaltschrank,1,ST,300.01,0,1,ST,300.01,CHF,CH10 10172657,,Planpreis 1,Zukaufteile,
Handterminal  ByStar Fiber,1,ST,550.11,5,1,ST,550.11,CHF,CH10 10094996,,,Eigenfertigung,X
,,,,,,,,,,,,,
Kabeldurchführungstülle  KT9,1,ST,0.73,0,1,ST,0.73,CHF,CH10 10066255,,Preis aus Einkaufsinfosatz,Zukaufteile,
Handterminal  EtherCAT Laser,1,ST,487.02,0,1,ST,487.02,CHF,CH10 10076885,,Bewertungspreis mit USER-EXIT,Zukaufteile,
,,,,,,,,,,,,,
PC  ByMotion TC3 WIN10 kpl.,1,ST,1798.62,1,1,ST,1798.62,CHF,CH10 10170185,,,Montagebaugruppen eig.,X
,,,,,,,,,,,,,
PC  ByMotion C6920-1160-0060,1,ST,1508.37,0,1,ST,1508.37,CHF,CH10 10129385,,Bewertungspreis mit USER-EXIT,Zukaufteile,
Softwaresatz  Backup Wizard Acronis,1,ST,57.01,5,1,ST,57.01,CHF,CH10 10107345,,Bewertungspreis mit USER-EXIT,Eigenfertigung,
Softwarelizenz  WIN 10 IoT LTSC i5 2019,1,ST,72.06,0,1,ST,72.06,CHF,CH10 10122403,,Preis aus Einkaufsinfosatz,Zukaufteile,
Verpackung  USB Flash Disk 10x,1,ST,6.56,0,1,ST,6.56,CHF,CH10 10071954,,Preis aus Einkaufsinfosatz,Zukaufteile,
,,,,,,,,,,,,,
Distanzhalter  80xSW10-M6 i11+a10 St.vz,1,ST,0.58,0,4,ST,2.29,CHF,CH10 3162497,,Preis aus Einkaufsinfosatz,Zukaufteile,
Abdeckung  (K),1,ST,45.41,5,1,ST,45.41,CHF,CH10 10178765,,,Eigenfertigung,X
,,,,,,,,,,,,,
"Blechtafel  1,50x1500x3000  DC01",1,M2,20.15,0,1.012,M2,20.39,CHF,CH10 1300063,,Bewertungspreis mit USER-EXIT,Rohmaterial,
,,,,,,,,,,,,,
Kabelsatz  +A2 CNC,1,ST,50.01,0,1,ST,50.01,CHF,CH10 10172732,,Planpreis 1,Zukaufteile,
Kabelsatz  Brake resistor,1,ST,3565.01,0,1,ST,3565.01,CHF,CH10 10172726,,Planpreis 1,Zukaufteile,
Handterminal  One Platform 15m,1,ST,466.01,0,1,ST,466.01,CHF,CH10 10172731,,Planpreis 1,Zukaufteile,
Kabelsatz  HMI,1,ST,1165.01,0,1,ST,1165.01,CHF,CH10 10172727,,Planpreis 1,Zukaufteile,
Halter  (K),1,ST,18.15,60,12,ST,217.83,CHF,CH10 10172280,,,Eigenfertigung,X
,,,,,,,,,,,,,
Blechtafel  3x1500x3000 DD11,1,M2,39.3,0,1.044,M2,41.03,CHF,CH10 1301096,,Preis aus Einkaufsinfosatz,Rohmaterial,
,,,,,,,,,,,,,
Querstrebe  (K),1,ST,9.06,60,12,ST,108.76,CHF,CH10 10172281,,,Eigenfertigung,X
,,,,,,,,,,,,,
Blechtafel  3x1500x3000 DD11,1,M2,39.3,0,0.6,M2,23.58,CHF,CH10 1301096,,Preis aus Einkaufsinfosatz,Rohmaterial,
,,,,,,,,,,,,,
Platte  (K),1,ST,9.81,240,48,ST,470.77,CHF,CH10 10172282,,,Eigenfertigung,X
,,,,,,,,,,,,,
Blechtafel  8x1500x3000 DD12,10,M2,409.93,0,3.12,M2,127.9,CHF,CH10 1301105,,Preis aus Einkaufsinfosatz,Rohmaterial,
,,,,,,,,,,,,,
Abdeckung  (K),1,ST,17.74,20,4,ST,70.97,CHF,CH10 10172283,,,Eigenfertigung,X
,,,,,,,,,,,,,
"Blechtafel  2,00x1500x3000  DC01",1,M2,27.69,0,1.388,M2,38.43,CHF,CH10 1300090,,Bewertungspreis mit USER-EXIT,Rohmaterial,
,,,,,,,,,,,,,
Abdeckung  (K),1,ST,19.3,10,2,ST,38.6,CHF,CH10 10172284,,,Eigenfertigung,X
,,,,,,,,,,,,,
"Blechtafel  2,00x1500x3000  DC01",1,M2,27.69,0,0.772,M2,21.38,CHF,CH10 1300090,,Bewertungspreis mit USER-EXIT,Rohmaterial,
,,,,,,,,,,,,,
Wanne,1,ST,145.2,5,12,ST,1742.42,CHF,CH10 10172438,,,Eigenfertigung,X
,,,,,,,,,,,,,
Unterzug  (K),1,ST,68.79,60,12,ST,825.49,CHF,CH10 10172437,,,Eigenfertigung,X
,,,,,,,,,,,,,
Blechtafel  4x1500x3000 DD11,1,M2,52.4,0,10.728,M2,562.15,CHF,CH10 1300152,,Bewertungspreis mit USER-EXIT,Rohmaterial,
,,,,,,,,,,,,,
Lenkrolle  LRA-VSTH 35K,1,ST,16.09,0,48,ST,772.32,CHF,CH10 10171784,,Bewertungspreis laut Preissteuerung im Materialstamm,Zukaufteile,
,,,,,,,,,,,,,
Blech  (K),1,ST,39.67,25,5,ST,198.36,CHF,CH10 10172419,,,Eigenfertigung,X
,,,,,,,,,,,,,
"Blechtafel  2,00x1500x3000  DC01",1,M2,27.69,0,5.005,M2,138.59,CHF,CH10 1300090,,Bewertungspreis mit USER-EXIT,Rohmaterial,
,,,,,,,,,,,,,
Halter  (K),1,ST,29.87,10,2,ST,59.73,CHF,CH10 10172420,,,Eigenfertigung,X
,,,,,,,,,,,,,
Blechtafel  3x1500x3000 DD11,1,M2,39.3,0,0.768,M2,30.18,CHF,CH10 1301096,,Preis aus Einkaufsinfosatz,Rohmaterial,
,,,,,,,,,,,,,
Halter  (K),1,ST,29.91,10,2,ST,59.82,CHF,CH10 10172421,,,Eigenfertigung,X
,,,,,,,,,,,,,
Blechtafel  3x1500x3000 DD11,1,M2,39.3,0,0.77,M2,30.26,CHF,CH10 1301096,,Preis aus Einkaufsinfosatz,Rohmaterial,
,,,,,,,,,,,,,
Träger  (K),1,ST,30.44,10,2,ST,60.88,CHF,CH10 10172422,,,Eigenfertigung,X
,,,,,,,,,,,,,
"Blechtafel  2,00x1500x3000  DC01",1,M2,27.69,0,1.138,M2,31.51,CHF,CH10 1300090,,Bewertungspreis mit USER-EXIT,Rohmaterial,
,,,,,,,,,,,,,
Träger  (K),1,ST,23.15,10,2,ST,46.31,CHF,CH10 10172425,,,Eigenfertigung,X
,,,,,,,,,,,,,
"Blechtafel  2,00x1500x3000  DC01",1,M2,27.69,0,0.662,M2,18.33,CHF,CH10 1300090,,Bewertungspreis mit USER-EXIT,Rohmaterial,
,,,,,,,,,,,,,
Träger  (K),1,ST,25.17,15,3,ST,75.51,CHF,CH10 10172426,,,Eigenfertigung,X
,,,,,,,,,,,,,
"Blechtafel  2,00x1500x3000  DC01",1,M2,27.69,0,1.293,M2,35.8,CHF,CH10 1300090,,Bewertungspreis mit USER-EXIT,Rohmaterial,
,,,,,,,,,,,,,
Blech  (K),1,ST,21,20,4,ST,84,CHF,CH10 10172427,,,Eigenfertigung,X
,,,,,,,,,,,,,
Blechtafel  3x1500x3000 DD11,1,M2,39.3,0,1.316,M2,51.72,CHF,CH10 1301096,,Preis aus Einkaufsinfosatz,Rohmaterial,
,,,,,,,,,,,,,
Blech  (K),1,ST,20.29,10,2,ST,40.58,CHF,CH10 10172428,,,Eigenfertigung,X
,,,,,,,,,,,,,
Blechtafel  3x1500x3000 DD11,1,M2,39.3,0,0.624,M2,24.52,CHF,CH10 1301096,,Preis aus Einkaufsinfosatz,Rohmaterial,
,,,,,,,,,,,,,
Blech  (K),1,ST,10.11,60,12,ST,121.31,CHF,CH10 10172429,,,Eigenfertigung,X
,,,,,,,,,,,,,
Blechtafel  3x1500x3000 DD11,1,M2,39.3,0,0.9,M2,35.37,CHF,CH10 1301096,,Preis aus Einkaufsinfosatz,Rohmaterial,
,,,,,,,,,,,,,
Platte  (K),1,ST,7.09,90,18,ST,127.61,CHF,CH10 10172430,,,Eigenfertigung,X
,,,,,,,,,,,,,
Blechtafel  5x1500x3000 DD11,1,M2,65.5,0,0.342,M2,22.4,CHF,CH10 1300165,,Bewertungspreis mit USER-EXIT,Rohmaterial,
,,,,,,,,,,,,,
Platte  (K),1,ST,6.61,40,8,ST,52.86,CHF,CH10 10172431,,,Eigenfertigung,X
,,,,,,,,,,,,,
Blechtafel  5x1500x3000 DD11,1,M2,65.5,0,0.128,M2,8.38,CHF,CH10 1300165,,Bewertungspreis mit USER-EXIT,Rohmaterial,
,,,,,,,,,,,,,
Gummiplatte,1,ST,46.01,0,2,ST,92.02,CHF,CH10 10178566,,Planpreis 1,Zukaufteile,
Blech   (K),1,ST,12.94,10,2,ST,25.88,CHF,CH10 10178629,,,Eigenfertigung,X
,,,,,,,,,,,,,
"Blechtafel  2,00x1500x3000  DC01",1,M2,27.69,0,0.332,M2,9.19,CHF,CH10 1300090,,Bewertungspreis mit USER-EXIT,Rohmaterial,
,,,,,,,,,,,,,
Blech  (K),1,ST,19.44,20,4,ST,77.74,CHF,CH10 10172434,,,Eigenfertigung,X
Griff  (K),1,ST,20.5,10,2,ST,41,CHF,CH10 10172435,,,Eigenfertigung,X
,,,,,,,,,,,,,
Blechtafel  4x1500x3000 DD11,1,M2,52.4,0,0.17,M2,8.91,CHF,CH10 1300152,,Bewertungspreis mit USER-EXIT,Rohmaterial,
,,,,,,,,,,,,,
Profil  (K),1,ST,17.41,50,10,ST,174.07,CHF,CH10 10172436,,,Eigenfertigung,X
,,,,,,,,,,,,,
Blechtafel  4x1500x3000 DD11,1,M2,52.4,0,0.94,M2,49.26,CHF,CH10 1300152,,Bewertungspreis mit USER-EXIT,Rohmaterial,
,,,,,,,,,,,,,
Blech  (K),1,ST,16.26,5,1,ST,16.26,CHF,CH10 10172439,,,Eigenfertigung,X
Blech  (K),1,ST,16.26,5,1,ST,16.26,CHF,CH10 10172440,,,Eigenfertigung,X
Blech  (K),1,ST,60.21,5,1,ST,60.21,CHF,CH10 10172441,,,Eigenfertigung,X
,,,,,,,,,,,,,
"Blechtafel  2,00x1500x3000  DC01",1,M2,27.69,0,1.419,M2,39.29,CHF,CH10 1300090,,Bewertungspreis mit USER-EXIT,Rohmaterial,
,,,,,,,,,,,,,
Blech  (K),1,ST,60.36,5,1,ST,60.36,CHF,CH10 10172442,,,Eigenfertigung,X
,,,,,,,,,,,,,
"Blechtafel  2,00x1500x3000  DC01",1,M2,27.69,0,1.429,M2,39.57,CHF,CH10 1300090,,Bewertungspreis mit USER-EXIT,Rohmaterial,
,,,,,,,,,,,,,
Anschlag  (K),1,ST,5.02,5,1,ST,5.02,CHF,CH10 10178603,,,Eigenfertigung,X
,,,,,,,,,,,,,
"Blechtafel  2,00x1500x3000  DC01",1,M2,27.69,0,0.029,M2,0.8,CHF,CH10 1300090,,Bewertungspreis mit USER-EXIT,Rohmaterial,
,,,,,,,,,,,,,
Kanal  (K),1,ST,26.27,5,1,ST,26.27,CHF,CH10 10174418,,,Eigenfertigung,X
,,,,,,,,,,,,,
"Blechtafel  2,00x1500x3000  DC01",1,M2,27.69,0,0.413,M2,11.44,CHF,CH10 1300090,,Bewertungspreis mit USER-EXIT,Rohmaterial,
,,,,,,,,,,,,,
Profil  (K),1,ST,14.32,40,1,ST,14.32,CHF,CH10 10178618,,,Eigenfertigung,X
,,,,,,,,,,,,,
Blechtafel  4x1500x3000 DD11,1,M2,54.05,0,0.062,M2,3.35,CHF,CH10 1300152,,Bewertungspreis mit USER-EXIT,Rohmaterial,
,,,,,,,,,,,,,
Wanne,1,ST,146.32,70,2,ST,292.64,CHF,CH10 10178628,,,Eigenfertigung,X
,,,,,,,,,,,,,
Unterzug  (K),1,ST,69.91,70,2,ST,139.82,CHF,CH10 10178588,,,Eigenfertigung,X
,,,,,,,,,,,,,
Blechtafel  4x1500x3000 DD11,1,M2,54.05,0,1.38,M2,74.59,CHF,CH10 1300152,,Bewertungspreis mit USER-EXIT,Rohmaterial,
,,,,,,,,,,,,,
Lenkrolle  LRA-VSTH 35K,1,ST,16.09,0,8,ST,128.72,CHF,CH10 10171784,,Bewertungspreis laut Preissteuerung im Materialstamm,Zukaufteile,
,,,,,,,,,,,,,
Griff  (K),1,ST,22.68,40,1,ST,22.68,CHF,CH10 10178616,,,Eigenfertigung,X
,,,,,,,,,,,,,
Blechtafel  3x1500x3000 DD11,1,M2,39.3,0,0.205,M2,8.06,CHF,CH10 1301096,,Preis aus Einkaufsinfosatz,Rohmaterial,
,,,,,,,,,,,,,
Winkel  (K),1,ST,13.88,20,4,ST,55.52,CHF,CH10 10178582,,,Eigenfertigung,X
,,,,,,,,,,,,,
Blechtafel  3x1500x3000 DD11,1,M2,39.3,0,0.188,M2,7.39,CHF,CH10 1301096,,Preis aus Einkaufsinfosatz,Rohmaterial,
,,,,,,,,,,,,,
Spiralfalzrohr  Ø 250  L=3000  SR-V,1,ST,22.57,0,4,ST,90.29,CHF,CH10 10007678,,Preis aus Einkaufsinfosatz,Zukaufteile,
Abstützung Absaugung  ø250,1,ST,19.16,0,1,ST,19.16,CHF,CH10 10018748,,Bewertungspreis laut Preissteuerung im Materialstamm,Zukaufteile,
Revisionsrohr  kpl ø250,1,ST,32.65,0,1,ST,32.65,CHF,CH10 10026835,,Bewertungspreis mit USER-EXIT,Zukaufteile,
Muffe  VUNP D.250,1,ST,5.22,0,1,ST,5.22,CHF,CH10 3354216,,Preis aus Einkaufsinfosatz,Zukaufteile,
Segmentbogen  BU-V90  90° F D=250  vz,1,ST,21.08,0,1,ST,21.08,CHF,CH10 3352051,,Bewertungspreis mit USER-EXIT,Zukaufteile,
Wechseltisch  4020,1,ST,2171.58,0,2,ST,4343.16,CHF,CH10 10080399,,Bewertungspreis mit USER-EXIT,Zukaufteile,
Schneidrost  4020 St Standard,1,ST,1524.49,5,2,ST,3048.98,CHF,CH10 10153243,,,Eigenfertigung,X
,,,,,,,,,,,,,
Auflageleiste  4020 St Standard,1,ST,10.36,126,126,ST,1305.07,CHF,CH10 10078992,,,Eigenfertigung,X
,,,,,,,,,,,,,
Blechtafel  3x1500x2200 DOMEX 240 YPB,1,M2,39.3,0,22.176,M2,871.52,CHF,CH10 10090126,,Bewertungspreis mit USER-EXIT,Zukaufteile,
,,,,,,,,,,,,,
Strebe  extended,1,ST,5.33,140,70,ST,372.86,CHF,CH10 10147598,,,Eigenfertigung,X
,,,,,,,,,,,,,
Blechtafel  3x1500x3000 DD11,1,M2,39.3,0,2.52,M2,99.04,CHF,CH10 1301096,,Preis aus Einkaufsinfosatz,Rohmaterial,
,,,,,,,,,,,,,
Leiste  extended,1,ST,6.44,56,28,ST,180.3,CHF,CH10 10147600,,,Eigenfertigung,X
,,,,,,,,,,,,,
Blechtafel  3x1500x3000 DD11,1,M2,39.3,0,1.456,M2,57.22,CHF,CH10 1301096,,Preis aus Einkaufsinfosatz,Rohmaterial,
,,,,,,,,,,,,,
"Leiste  Offset 1mm, extended",1,ST,6.3,112,56,ST,352.61,CHF,CH10 10147599,,,Eigenfertigung,X
,,,,,,,,,,,,,
Blechtafel  3x1500x3000 DD11,1,M2,39.3,0,2.912,M2,114.44,CHF,CH10 1301096,,Preis aus Einkaufsinfosatz,Rohmaterial,
,,,,,,,,,,,,,
Auflageleiste  4020 St Standard,1,ST,18.6,28,28,ST,520.88,CHF,CH10 10147601,,,Eigenfertigung,X
,,,,,,,,,,,,,
Blechtafel  3x1500x2200 DOMEX 240 YPB,1,M2,39.3,0,8.624,M2,338.92,CHF,CH10 10090126,,Bewertungspreis mit USER-EXIT,Zukaufteile,
,,,,,,,,,,,,,
Ausbesserungsfarbset,1,ST,11.36,0,1,ST,11.36,CHF,CH10 10063576,,Bewertungspreis mit USER-EXIT,Zukaufteile,
Fettpatrone  ELKALUB GLS 135/N2,1,ST,10.87,0,1,ST,10.87,CHF,CH10 10139057,,Bewertungspreis mit USER-EXIT,Zukaufteile,
Kleber Kühlwasserwechsel,1,ST,1.95,0,1,ST,1.95,CHF,CH10 4-02755,,Preis aus Einkaufsinfosatz,Zukaufteile,
Sauger  D=120,1,ST,14.6,0,1,ST,14.6,CHF,CH10 10075351,,Preis aus Einkaufsinfosatz,Zukaufteile,
Zubehör,1,ST,177.49,60,1,ST,177.49,CHF,CH10 10070695,,,Montagebaugruppen eig.,X
,,,,,,,,,,,,,
Fett  KP2K / DIN51825  Motorex 190 EP,10,ST,72.52,0,1,ST,7.25,CHF,CH10 1971661,,Preis aus Einkaufsinfosatz,Zukaufteile,
Fett  SYNTHESO PROBA 270,1,ST,19.05,0,1,ST,19.05,CHF,CH10 1971659,,Bewertungspreis laut Preissteuerung im Materialstamm,Zukaufteile,
Kettenöl  Chainlube 622,10,ST,100.31,0,1,ST,10.03,CHF,CH10 1972790,,Preis aus Einkaufsinfosatz,Zukaufteile,
Pumpsprühflasche  zu Chainlube 1972790,10,ST,25.11,0,1,ST,2.51,CHF,CH10 1972791,,Preis aus Einkaufsinfosatz,Zukaufteile,
Fettpresse m. Handhebel  Nr.43710,10,ST,345.88,0,1,ST,34.59,CHF,CH10 8600144,,Preis aus Einkaufsinfosatz,Zukaufteile,
Taschenlampe  EcoTurboWatt,1,ST,4.6,0,1,ST,4.6,CHF,CH10 10102329,,Bewertungspreis mit USER-EXIT,Zukaufteile,
Taschenspiegel  7x6.3cm WH,1,ST,3.5,0,1,ST,3.5,CHF,CH10 10113894,,Bewertungspreis mit USER-EXIT,Zukaufteile,
Klebeband  19mmx33m transp. Typ 810,1,ST,3.01,0,1,ST,3.01,CHF,CH10 10043660,,Bewertungspreis laut Preissteuerung im Materialstamm,Zukaufteile,
Scotch  SCOTCH-BRITE CF-RL (A),10,ST,49.75,0,1,ST,4.97,CHF,CH10 500920,,Preis aus Einkaufsinfosatz,Zukaufteile,
Rollenhalter,10,ST,10.1,0,1,ST,1.01,CHF,CH10 505808,,Preis aus Einkaufsinfosatz,Zukaufteile,
Messbolzen kompl.,1,ST,23.17,0,2,ST,46.34,CHF,CH10 4-05400,,Bewertungspreis laut Preissteuerung im Materialstamm,Fremdfertigung,
Schlüssel  SW13,10,ST,15.5,0,1,ST,1.55,CHF,CH10 10017575,,Preis aus Einkaufsinfosatz,Fremdfertigung,
Schlüssel,1,ST,1.8,60,1,ST,1.8,CHF,CH10 10075049,,,Eigenfertigung,X
,,,,,,,,,,,,,
Blechtafel  3x1500x3000 DD11,1,M2,39.29,0,0.017,M2,0.67,CHF,CH10 1301096,,Preis aus Einkaufsinfosatz,Rohmaterial,
,,,,,,,,,,,,,
Dichtplatte  Gr.20 SS,1,ST,2.24,0,3,ST,6.72,CHF,CH10 10097740,,Bewertungspreis laut Preissteuerung im Materialstamm,Zukaufteile,
Bürste,1,ST,2.21,0,6,ST,13.26,CHF,CH10 10097807,,Bewertungspreis mit USER-EXIT,Zukaufteile,
Folie  0.15mm,10,ST,15.5,0,1,ST,1.55,CHF,CH10 10089743,,Preis aus Einkaufsinfosatz,Zukaufteile,
,,,,,,,,,,,,,
Werkzeugsatz  SSC V2,1,ST,112.95,60,1,ST,112.95,CHF,CH10 10086949,,,Eigenfertigung,X
,,,,,,,,,,,,,
Montagevorrichtung,1,ST,23.79,60,1,ST,23.79,CHF,CH10 10087521,,,Eigenfertigung,X
,,,,,,,,,,,,,
Rund-Al  D50  AlSi1MgMn,1000,MM,42.26,0,65,MM,2.75,CHF,CH10 1100893,,Preis aus Einkaufsinfosatz,Rohmaterial,
,,,,,,,,,,,,,
Werkzeug  kpl.,1,ST,4.32,30,1,ST,4.32,CHF,CH10 10077097,,,Eigenfertigung,X
,,,,,,,,,,,,,
Werkzeug,1,ST,1.94,140,1,ST,1.94,CHF,CH10 10077096,,,Eigenfertigung,X
,,,,,,,,,,,,,
"Blechtafel  3,0x1000x2000 X5CrNi18-10",1,M2,113.47,0,0.007,M2,0.79,CHF,CH10 1700060,,Bewertungspreis laut Preissteuerung im Materialstamm,Rohmaterial,
,,,,,,,,,,,,,
Kappe  3.0x32.0x101.6mm BK,10,ST,12.92,0,1,ST,1.29,CHF,CH10 10076939,,Preis aus Einkaufsinfosatz,Zukaufteile,
,,,,,,,,,,,,,
Demontagewerkzeug  Gr.5 Nr.466740.0500,10,ST,30.08,0,1,ST,3.01,CHF,CH10 10055584,,Preis aus Einkaufsinfosatz,Zukaufteile,
Werkzeug,10,ST,393.61,0,1,ST,39.36,CHF,CH10 10111485,,Preis aus Einkaufsinfosatz,Zukaufteile,
Zentriereinheit,1,ST,34.25,60,1,ST,34.25,CHF,CH10 10087520,,,Eigenfertigung,X
,,,,,,,,,,,,,
Platte,1,ST,33.64,60,1,ST,33.64,CHF,CH10 10087519,,,Eigenfertigung,X
,,,,,,,,,,,,,
Flach-Al  50x40  AlMgSi1,1000,MM,40.17,0,100,MM,4.02,CHF,CH10 1100163,,Preis aus Einkaufsinfosatz,Rohmaterial,
,,,,,,,,,,,,,
Koffer  kpl.,1,ST,495.71,80,1,ST,495.71,CHF,CH10 10128046,,,Eigenfertigung,X
,,,,,,,,,,,,,
Koffer,10,ST,578.3,0,1,ST,57.83,CHF,CH10 10127764,,Preis aus Einkaufsinfosatz,Zukaufteile,
Magazin,1,ST,170.65,0,2,ST,341.3,CHF,CH10 10125672,,Bewertungspreis mit USER-EXIT,Zukaufteile,
Werkzeug,10,ST,393.61,0,1,ST,39.36,CHF,CH10 10111485,,Preis aus Einkaufsinfosatz,Zukaufteile,
Gummipuste  Art.Nr. 000086,1,ST,5.67,0,1,ST,5.67,CHF,CH10 10003299,,Bewertungspreis laut Preissteuerung im Materialstamm,Zukaufteile,
Gabelschlüssel  SW 8,10,ST,23.76,0,1,ST,2.38,CHF,CH10 10121850,,Preis aus Einkaufsinfosatz,Zukaufteile,
Handschuhe  Semperguard Nitril Comfort L,1,ST,14.18,0,1,ST,14.18,CHF,CH10 10066707,,Bewertungspreis laut Preissteuerung im Materialstamm,Zukaufteile,
,,,,,,,,,,,,,
Reinigungskit  SSC V2,1,ST,400.2,80,1,ST,400.2,CHF,CH10 10119038,,,Eigenfertigung,X
,,,,,,,,,,,,,
Koffer,1,ST,47.4,0,1,ST,47.4,CHF,CH10 10119039,,Bewertungspreis mit USER-EXIT,Zukaufteile,
Halter,1,ST,18.71,60,1,ST,18.71,CHF,CH10 10126130,,,Eigenfertigung,X
,,,,,,,,,,,,,
Flach-Al  50x20 AlMgSi1,1000,MM,23.35,0,114,MM,2.66,CHF,CH10 10006526,,Preis aus Einkaufsinfosatz,Rohmaterial,
,,,,,,,,,,,,,
Halter,10,ST,136.37,0,1,ST,13.64,CHF,CH10 10119783,,Preis aus Einkaufsinfosatz,Zukaufteile,
Schublade,1,ST,154.92,5,1,ST,154.92,CHF,CH10 10150285,,,Eigenfertigung,X
,,,,,,,,,,,,,
Fassung,1,ST,39.64,0,1,ST,39.64,CHF,CH10 10123162,,Bewertungspreis mit USER-EXIT,Zukaufteile,
Deckel,1,ST,38.74,0,1,ST,38.74,CHF,CH10 10123161,,Preis aus Einkaufsinfosatz,Zukaufteile,
"Glas  D=34, T=3",1,ST,20.07,0,1,ST,20.07,CHF,CH10 10145862,,Bewertungspreis mit USER-EXIT,Zukaufteile,
Print  sscDrawerBeamShaper,1,ST,2.28,0,1,ST,2.28,CHF,CH10 10114118,,Bewertungspreis mit USER-EXIT,Zukaufteile,
Dichtung  36.4x3.6 PTFE,1,ST,16.48,0,1,ST,16.48,CHF,CH10 10071593,,Bewertungspreis mit USER-EXIT,Zukaufteile,
,,,,,,,,,,,,,
Werkzeug,10,ST,393.61,0,1,ST,39.36,CHF,CH10 10111485,,Preis aus Einkaufsinfosatz,Zukaufteile,
Gummipuste  Art.Nr. 000086,1,ST,5.67,0,1,ST,5.67,CHF,CH10 10003299,,Bewertungspreis laut Preissteuerung im Materialstamm,Zukaufteile,
Essigsäure  80% 30ml,10,ST,88.74,0,1,ST,8.87,CHF,CH10 10083589,,Preis aus Einkaufsinfosatz,Zukaufteile,
Linsenreinigungspapier  500822,1,ST,2.23,0,4,ST,8.92,CHF,CH10 500822,,Bewertungspreis laut Preissteuerung im Materialstamm,Fremdfertigung,
Handschuhe  Semperguard Nitril Comfort L,1,ST,14.18,0,1,ST,14.18,CHF,CH10 10066707,,Bewertungspreis laut Preissteuerung im Materialstamm,Zukaufteile,
Batterie  AAA 1.5 V,100,ST,43.39,0,3,ST,1.3,CHF,CH10 10119957,,Preis aus Einkaufsinfosatz,Zukaufteile,
Schraubendreher  TX 10,10,ST,24.8,0,1,ST,2.48,CHF,CH10 10084045,,Preis aus Einkaufsinfosatz,Zukaufteile,
"Glas  D=34, T=3",1,ST,20.07,0,2,ST,40.14,CHF,CH10 10145862,,Bewertungspreis mit USER-EXIT,Zukaufteile,
Lampe  Greenlight LED,10,ST,105,0,1,ST,10.5,CHF,CH10 10119927,,Preis aus Einkaufsinfosatz,Zukaufteile,
Abdeckband  Permafix 9516L,10,ST,153,0,1,ST,15.3,CHF,CH10 10083386,,Preis aus Einkaufsinfosatz,Zukaufteile,
,,,,,,,,,,,,,
Kühlgerät  BYF2-25-07535-400-1,1,ST,9394.63,0,1,ST,9394.63,CHF,CH10 10099021,,Bewertungspreis mit USER-EXIT,Zukaufteile,
Kabelsatz  +A3 Cooling unit,1,ST,20,0,1,ST,20,CHF,CH10 10168016,,Planpreis 1,Zukaufteile,
Halter  (B),1,ST,108.11,5,1,ST,108.11,CHF,CH10 10172496,,,Eigenfertigung,X
,,,,,,,,,,,,,
Winkel,1,ST,16.77,5,1,ST,16.77,CHF,CH10 10172495,,,Eigenfertigung,X
,,,,,,,,,,,,,
Blechtafel  3x1500x3000 DD11,1,M2,39.3,0,0.268,M2,10.53,CHF,CH10 1301096,,Preis aus Einkaufsinfosatz,Rohmaterial,
,,,,,,,,,,,,,
Seitenteil,1,ST,20.92,5,1,ST,20.92,CHF,CH10 10172494,,,Eigenfertigung,X
,,,,,,,,,,,,,
Blechtafel  3x1500x3000 DD11,1,M2,39.3,0,0.307,M2,12.06,CHF,CH10 1301096,,Preis aus Einkaufsinfosatz,Rohmaterial,
,,,,,,,,,,,,,
Bodenblech,1,ST,17.95,5,1,ST,17.95,CHF,CH10 10172492,,,Eigenfertigung,X
,,,,,,,,,,,,,
Blechtafel  3x1500x3000 DD11,1,M2,39.3,0,0.196,M2,7.7,CHF,CH10 1301096,,Preis aus Einkaufsinfosatz,Rohmaterial,
,,,,,,,,,,,,,
Blech,1,ST,6.95,0,2,ST,13.9,CHF,CH10 10066850,,Bewertungspreis laut Preissteuerung im Materialstamm,Zukaufteile,
Endplatte  (B),1,ST,7.75,10,2,ST,15.49,CHF,CH10 10172481,,,Eigenfertigung,X
,,,,,,,,,,,,,
Blechtafel  2.0x1000x2000 AlMg1 HH14,1,M2,23.6,0,0.136,M2,3.21,CHF,CH10 1050102,,Preis aus Einkaufsinfosatz,Rohmaterial,
,,,,,,,,,,,,,
Klemmplatte,1,ST,1.34,10,2,ST,2.68,CHF,CH10 10172484,,,Eigenfertigung,X
,,,,,,,,,,,,,
Blechtafel  2.0x1000x2000 AlMg1 HH14,1,M2,23.55,0,0.02,M2,0.47,CHF,CH10 1050102,,Preis aus Einkaufsinfosatz,Rohmaterial,
,,,,,,,,,,,,,
Filter  412 AU Fima G3 73x104,1,ST,2.58,0,2,ST,5.16,CHF,CH10 10172485,,Preis aus Einkaufsinfosatz,Zukaufteile,
Auflage,1,ST,164.26,0,1,ST,164.26,CHF,CH10 10172482,,Preis aus Einkaufsinfosatz,Zukaufteile,
Profil,1,ST,31.44,5,1,ST,31.44,CHF,CH10 10172490,,,Eigenfertigung,X
,,,,,,,,,,,,,
Profil,1,ST,14.81,5,1,ST,14.81,CHF,CH10 10172489,,,Eigenfertigung,X
,,,,,,,,,,,,,
"Blechtafel  1,5x1500x3000 X5CrNi18-10",1,M2,34.1,0,0.135,M2,4.6,CHF,CH10 1700005,,Preis aus Einkaufsinfosatz,Rohmaterial,
,,,,,,,,,,,,,
Blech,1,ST,3.07,5,1,ST,3.07,CHF,CH10 10172488,,,Eigenfertigung,X
,,,,,,,,,,,,,
"Blechtafel  1,5x1500x3000 X5CrNi18-10",1,M2,34.09,0,0.066,M2,2.25,CHF,CH10 1700005,,Preis aus Einkaufsinfosatz,Rohmaterial,
,,,,,,,,,,,,,
Profil,1,ST,23.61,5,1,ST,23.61,CHF,CH10 10172483,,,Eigenfertigung,X
,,,,,,,,,,,,,
"Blechtafel  1,5x1500x3000 X5CrNi18-10",1,M2,34.09,0,0.29,M2,9.89,CHF,CH10 1700005,,Preis aus Einkaufsinfosatz,Rohmaterial,
,,,,,,,,,,,,,
Abdeckung  (B),1,ST,26.22,5,1,ST,26.22,CHF,CH10 10172497,,,Eigenfertigung,X
,,,,,,,,,,,,,
Blechtafel  2.0x1000x2000 AlMg1 HH14,1,M2,23.6,0,0.185,M2,4.37,CHF,CH10 1050102,,Preis aus Einkaufsinfosatz,Rohmaterial,
,,,,,,,,,,,,,
Deckel  (B),1,ST,4.23,5,1,ST,4.23,CHF,CH10 10172500,,,Eigenfertigung,X
,,,,,,,,,,,,,
Blechtafel  2.0x1000x2000 AlMg1 HH14,1,M2,23.61,0,0.087,M2,2.05,CHF,CH10 1050102,,Preis aus Einkaufsinfosatz,Rohmaterial,
,,,,,,,,,,,,,
Winkel,1,ST,4.55,20,1,ST,4.55,CHF,CH10 10139325,,,Eigenfertigung,X
,,,,,,,,,,,,,
Blechtafel  3.0x1000x2000 AlMg1 H1424,1,M2,24.17,0,0.01,M2,0.24,CHF,CH10 1050225,,Preis aus Einkaufsinfosatz,Rohmaterial,
,,,,,,,,,,,,,
Winkel,1,ST,4.55,20,1,ST,4.55,CHF,CH10 10139329,,,Eigenfertigung,X
,,,,,,,,,,,,,
Blechtafel  3.0x1000x2000 AlMg1 H1424,1,M2,24.17,0,0.01,M2,0.24,CHF,CH10 1050225,,Preis aus Einkaufsinfosatz,Rohmaterial,
,,,,,,,,,,,,,
Magnet  TL 288mm,1,ST,78.06,0,9,ST,702.54,CHF,CH10 10038453,,Bewertungspreis mit USER-EXIT,Zukaufteile,
Faltenbalg  Y,1,ST,342.25,0,2,ST,684.49,CHF,CH10 10169509,,Preis aus Einkaufsinfosatz,Zukaufteile,
Abdeckung  (B),1,ST,10,0,1,ST,10,CHF,CH10 10179504,,Planpreis 1,Zukaufteile,
Winkelverschraubung  M6 D=4mm,1,ST,3.24,0,4,ST,12.96,CHF,CH10 10143311,,Bewertungspreis laut Preissteuerung im Materialstamm,Zukaufteile,
Schlauchsatz  +B8 Schneidbrücke,1,ST,76.59,0,1,ST,76.59,CHF,CH10 10173117,,Preis aus Einkaufsinfosatz,Zukaufteile,
Schneidwagen,1,ST,3230,0,1,ST,3230,CHF,CH10 10170082,,Preis aus Einkaufsinfosatz,Zukaufteile,
Schlitten,1,ST,152.13,5,1,ST,152.13,CHF,CH10 10178066,,,Eigenfertigung,X
,,,,,,,,,,,,,
"Alu-Zuschnitt  80x200x275mm  AlMg4,5Mn",1,ST,50,0,1,ST,50,CHF,CH10 10179347,,Planpreis 1,Zukaufteile,
,,,,,,,,,,,,,
Halter,1,ST,75.76,8,1,ST,75.76,CHF,CH10 10068240,,,Eigenfertigung,X
,,,,,,,,,,,,,
Alu-Zuschnitt  50x170x110  AlSi1MgMn,1,ST,16.01,0,1,ST,16.01,CHF,CH10 10061859,,Bewertungspreis mit USER-EXIT,Zukaufteile,
,,,,,,,,,,,,,
Mitnehmer,1,ST,46.92,20,1,ST,46.92,CHF,CH10 10068236,,,Eigenfertigung,X
,,,,,,,,,,,,,
4kt-Alu  70/70 EN AW-Al Si1MgMn,1000,MM,103.27,0,58,MM,5.99,CHF,CH10 1101870,,Preis aus Einkaufsinfosatz,Rohmaterial,
,,,,,,,,,,,,,
Kupplungsflansch,1,ST,34.81,50,1,ST,34.81,CHF,CH10 3-09150,,,Eigenfertigung,X
,,,,,,,,,,,,,
Alukokillenguss  AC 65 KUPPLUNGSFLANSCH,10,ST,134.5,0,1,ST,13.45,CHF,CH10 1401914,,Preis aus Einkaufsinfosatz,Rohmaterial,
,,,,,,,,,,,,,
Halter,1,ST,16.79,60,1,ST,16.79,CHF,CH10 10068241,,,Eigenfertigung,X
,,,,,,,,,,,,,
4kt-Alu  60/60 EN AW-Al Si1MgMn,1000,MM,87.45,0,33,MM,2.89,CHF,CH10 1101860,,Preis aus Einkaufsinfosatz,Rohmaterial,
,,,,,,,,,,,,,
Abdeckung,1,ST,8.76,5,1,ST,8.76,CHF,CH10 10173574,,,Eigenfertigung,X
,,,,,,,,,,,,,
Blechtafel  2.0x1000x2000 AlMg1 HH14,1,M2,23.6,0,0.038,M2,0.9,CHF,CH10 1050102,,Preis aus Einkaufsinfosatz,Rohmaterial,
,,,,,,,,,,,,,
Abdeckung,1,ST,2.98,40,2,ST,5.96,CHF,CH10 10064033,,,Eigenfertigung,X
,,,,,,,,,,,,,
Blechtafel  2.0x1000x2000 AlMg1 HH14,1,M2,23.6,0,0.028,M2,0.66,CHF,CH10 1050102,,Preis aus Einkaufsinfosatz,Rohmaterial,
,,,,,,,,,,,,,
Abdeckung,1,ST,7.49,5,1,ST,7.49,CHF,CH10 10178068,,,Eigenfertigung,X
,,,,,,,,,,,,,
Blechtafel  2.0x1000x2000 AlMg1 HH14,1,M2,23.62,0,0.021,M2,0.5,CHF,CH10 1050102,,Preis aus Einkaufsinfosatz,Rohmaterial,
,,,,,,,,,,,,,
Abdeckung,1,ST,8.51,5,1,ST,8.51,CHF,CH10 10173575,,,Eigenfertigung,X
,,,,,,,,,,,,,
Blechtafel  2.0x1000x2000 AlMg1 HH14,1,M2,23.62,0,0.028,M2,0.66,CHF,CH10 1050102,,Preis aus Einkaufsinfosatz,Rohmaterial,
,,,,,,,,,,,,,
Abdeckung  (B),1,ST,16.33,5,1,ST,16.33,CHF,CH10 10173576,,,Eigenfertigung,X
,,,,,,,,,,,,,
Blechtafel  2.0x1000x2000 AlMg1 HH14,1,M2,23.6,0,0.116,M2,2.74,CHF,CH10 1050102,,Preis aus Einkaufsinfosatz,Rohmaterial,
,,,,,,,,,,,,,
Deckel,1,ST,5.17,0,2,ST,10.33,CHF,CH10 10153517,,Preis aus Einkaufsinfosatz,Zukaufteile,
Deckel,1,ST,3.62,0,2,ST,7.23,CHF,CH10 10153518,,Preis aus Einkaufsinfosatz,Zukaufteile,
Blech,1,ST,8.78,0,4,ST,35.13,CHF,CH10 10135408,,Preis aus Einkaufsinfosatz,Zukaufteile,
Distanzring,1,ST,6.5,0,1,ST,6.5,CHF,CH10 4-05901,,Preis aus Einkaufsinfosatz,Fremdfertigung,
Distanzring,1,ST,6.2,0,1,ST,6.2,CHF,CH10 4-05902,,Preis aus Einkaufsinfosatz,Fremdfertigung,
Distanzring,1,ST,6,0,1,ST,6,CHF,CH10 4-05903,,Bewertungspreis laut Preissteuerung im Materialstamm,Fremdfertigung,
Verstärkung,1,ST,8.13,5,1,ST,8.13,CHF,CH10 10173577,,,Eigenfertigung,X
,,,,,,,,,,,,,
Blechtafel  1.5x1000x2000 AlMg1 HH14,1,M2,28.06,0,0.011,M2,0.31,CHF,CH10 1050180,,Bewertungspreis laut Preissteuerung im Materialstamm,Rohmaterial,
,,,,,,,,,,,,,
Spindel,1,ST,221.34,0,1,ST,221.34,CHF,CH10 10100263,,Bewertungspreis mit USER-EXIT,Zukaufteile,
Linearführung  Z-Achse,1,ST,194.8,0,1,ST,194.8,CHF,CH10 10100266,,Bewertungspreis laut Preissteuerung im Materialstamm,Zukaufteile,
Servomotor  TL18N,1,ST,411.13,0,1,ST,411.13,CHF,CH10 10075694,,Preis aus Einkaufsinfosatz,Zukaufteile,
Servomotor  AM8023-0E21-1001,1,ST,385.04,0,1,ST,385.04,CHF,CH10 10051162,,Bewertungspreis laut Preissteuerung im Materialstamm,Zukaufteile,
Kupplung  D = 8H7 / 9F7,1,ST,28.51,0,1,ST,28.51,CHF,CH10 504233,,Bewertungspreis mit USER-EXIT,Zukaufteile,
Faltenbalg Z-Achse,1,ST,294.88,0,2,ST,589.76,CHF,CH10 10098051,,Preis aus Einkaufsinfosatz,Zukaufteile,
Winkelverschraubung  D4 M3,1,ST,4.19,0,4,ST,16.76,CHF,CH10 10132361,,Bewertungspreis laut Preissteuerung im Materialstamm,Zukaufteile,
Linsenschr  ISO7380-2 M4x6 010.9 A2K,1,ST,0.05,0,4,ST,0.21,CHF,CH10 10069994,,Preis aus Einkaufsinfosatz,Zukaufteile,
Abdeckung  (B),1,ST,18.01,5,1,ST,18.01,CHF,CH10 10173595,,,Eigenfertigung,X
,,,,,,,,,,,,,
Blechtafel  2.0x1000x2000 AlMg1 HH14,1,M2,23.6,0,0.116,M2,2.74,CHF,CH10 1050102,,Preis aus Einkaufsinfosatz,Rohmaterial,
,,,,,,,,,,,,,
Abdeckung,1,ST,7.49,5,1,ST,7.49,CHF,CH10 10178068,,,Eigenfertigung,X
,,,,,,,,,,,,,
Blechtafel  2.0x1000x2000 AlMg1 HH14,1,M2,23.62,0,0.021,M2,0.5,CHF,CH10 1050102,,Preis aus Einkaufsinfosatz,Rohmaterial,
,,,,,,,,,,,,,
Verschalung,1,ST,61.78,0,1,ST,61.78,CHF,CH10 10082353,,Bewertungspreis mit USER-EXIT,Zukaufteile,
Abdeckung,1,ST,48.31,0,1,ST,48.31,CHF,CH10 10082352,,Bewertungspreis mit USER-EXIT,Zukaufteile,
Abdeckung  (I),1,ST,52.17,0,1,ST,52.17,CHF,CH10 10143121,,Preis aus Einkaufsinfosatz,Zukaufteile,
Abstreifer,1,ST,30.75,5,4,ST,123.02,CHF,CH10 10173467,,,Eigenfertigung,X
,,,,,,,,,,,,,
Bürste,1,ST,7.65,0,4,ST,30.6,CHF,CH10 10135291,,Bewertungspreis laut Preissteuerung im Materialstamm,Zukaufteile,
Abstreifer,1,ST,7.7,0,4,ST,30.78,CHF,CH10 10135235,,Preis aus Einkaufsinfosatz,Zukaufteile,
Halter  (K),1,ST,6.34,5,4,ST,25.37,CHF,CH10 10173466,,,Eigenfertigung,X
,,,,,,,,,,,,,
Blechtafel  3x1500x3000 DD11,1,M2,39.26,0,0.016,M2,0.63,CHF,CH10 1301096,,Preis aus Einkaufsinfosatz,Rohmaterial,
,,,,,,,,,,,,,
Haube  (K),1,ST,40.41,5,1,ST,40.41,CHF,CH10 10173472,,,Eigenfertigung,X
,,,,,,,,,,,,,
Blech,1,ST,2.18,5,1,ST,2.18,CHF,CH10 10173471,,,Eigenfertigung,X
,,,,,,,,,,,,,
"Blechtafel  2,00x1500x3000  DC01",1,M2,27.69,0,0.037,M2,1.02,CHF,CH10 1300090,,Bewertungspreis mit USER-EXIT,Rohmaterial,
,,,,,,,,,,,,,
Haube,1,ST,14.74,5,1,ST,14.74,CHF,CH10 10173470,,,Eigenfertigung,X
,,,,,,,,,,,,,
"Blechtafel  2,00x1500x3000  DC01",1,M2,27.69,0,0.112,M2,3.1,CHF,CH10 1300090,,Bewertungspreis mit USER-EXIT,Rohmaterial,
,,,,,,,,,,,,,
Abdeckung  (B),1,ST,114.67,0,1,ST,114.67,CHF,CH10 10173473,,Preis aus Einkaufsinfosatz,Zukaufteile,
Abdeckung  (B),1,ST,114.67,0,1,ST,114.67,CHF,CH10 10173474,,Preis aus Einkaufsinfosatz,Zukaufteile,
Haube  (K),1,ST,40.41,5,1,ST,40.41,CHF,CH10 10173476,,,Eigenfertigung,X
,,,,,,,,,,,,,
Haube,1,ST,14.74,5,1,ST,14.74,CHF,CH10 10173475,,,Eigenfertigung,X
,,,,,,,,,,,,,
"Blechtafel  2,00x1500x3000  DC01",1,M2,27.69,0,0.112,M2,3.1,CHF,CH10 1300090,,Bewertungspreis mit USER-EXIT,Rohmaterial,
,,,,,,,,,,,,,
Blech,1,ST,2.18,5,1,ST,2.18,CHF,CH10 10173471,,,Eigenfertigung,X
,,,,,,,,,,,,,
"Blechtafel  2,00x1500x3000  DC01",1,M2,27.69,0,0.037,M2,1.02,CHF,CH10 1300090,,Bewertungspreis mit USER-EXIT,Rohmaterial,
,,,,,,,,,,,,,
Abdeckung  (B),1,ST,139.47,0,1,ST,139.47,CHF,CH10 10173516,,Preis aus Einkaufsinfosatz,Zukaufteile,
Bürste,1,ST,41.64,5,1,ST,41.64,CHF,CH10 10177380,,,Eigenfertigung,X
,,,,,,,,,,,,,
Bürste,1,ST,19.32,0,1,ST,19.32,CHF,CH10 10094998,,Preis aus Einkaufsinfosatz,Zukaufteile,
Halter  (K),1,ST,10.98,5,1,ST,10.98,CHF,CH10 10177379,,,Eigenfertigung,X
,,,,,,,,,,,,,
Blechtafel  3x1500x3000 DD11,1,M2,39.26,0,0.011,M2,0.43,CHF,CH10 1301096,,Preis aus Einkaufsinfosatz,Rohmaterial,
,,,,,,,,,,,,,
Abdeckung  (B),1,ST,33.87,5,1,ST,33.87,CHF,CH10 10177381,,,Eigenfertigung,X
,,,,,,,,,,,,,
Blechtafel  2.0x1000x2000 AlMg1 HH14,1,M2,23.59,0,0.329,M2,7.76,CHF,CH10 1050102,,Preis aus Einkaufsinfosatz,Rohmaterial,
,,,,,,,,,,,,,
Abdeckung  (B),1,ST,34.17,5,1,ST,34.17,CHF,CH10 10177382,,,Eigenfertigung,X
,,,,,,,,,,,,,
Blechtafel  2.0x1000x2000 AlMg1 HH14,1,M2,23.59,0,0.329,M2,7.76,CHF,CH10 1050102,,Preis aus Einkaufsinfosatz,Rohmaterial,
Blindnietmutter  HUC/FEKS M3 0.5-2.3 A2K,100,ST,27.35,0,1,ST,0.27,CHF,CH10 2252380,,Bewertungspreis laut Preissteuerung im Materialstamm,Zukaufteile,
,,,,,,,,,,,,,
Verteiler,1,ST,211.84,5,1,ST,211.84,CHF,CH10 10177386,,,Eigenfertigung,X
,,,,,,,,,,,,,
Drosselrückschlagventil  GR-QS-6,1,ST,6.46,0,1,ST,6.46,CHF,CH10 10041837,,Preis aus Einkaufsinfosatz,Zukaufteile,
6kt-Schr  ISO4017 M3x6 8.8 A2K,100,ST,4,100,1,ST,0.04,CHF,CH10 2300003,,Preis aus Einkaufsinfosatz,Zukaufteile,
Kabelbride  St  D=7mm 5100.99,1,ST,0.43,0,1,ST,0.43,CHF,CH10 10045950,,Preis aus Einkaufsinfosatz,Zukaufteile,
Düse  1mm,10,ST,30.99,0,5,ST,15.5,CHF,CH10 10074722,,Preis aus Einkaufsinfosatz,Zukaufteile,
Rohr,1,ST,140.09,0,1,ST,140.09,CHF,CH10 10177385,,Preis aus Einkaufsinfosatz,Zukaufteile,
"Winkelverschraubung  ø6 G1/4""",1,ST,2.57,0,1,ST,2.57,CHF,CH10 10074673,,Preis aus Einkaufsinfosatz,Zukaufteile,
"Verteilerblock  G1/4"" - G1/8""",1,ST,10.27,0,1,ST,10.27,CHF,CH10 10074672,,Preis aus Einkaufsinfosatz,Zukaufteile,
,,,,,,,,,,,,,
Blech,1,ST,3.68,20,4,ST,14.73,CHF,CH10 10173460,,,Eigenfertigung,X
,,,,,,,,,,,,,
"Blechtafel  5,0x1000x2000 X5CrNi18-10",1,M2,199.6,0,0.036,M2,7.19,CHF,CH10 1700068,,Bewertungspreis laut Preissteuerung im Materialstamm,Rohmaterial,
,,,,,,,,,,,,,
Blech  (K),1,ST,8.05,10,2,ST,16.1,CHF,CH10 10173465,,,Eigenfertigung,X
,,,,,,,,,,,,,
Blechtafel  4x1500x3000 DD11,1,M2,52.4,0,0.066,M2,3.46,CHF,CH10 1300152,,Bewertungspreis mit USER-EXIT,Rohmaterial,
,,,,,,,,,,,,,
Blech  (B),1,ST,12.8,5,1,ST,12.8,CHF,CH10 10173469,,,Eigenfertigung,X
,,,,,,,,,,,,,
Blechtafel  2.0x1000x2000 AlMg1 HH14,1,M2,23.61,0,0.071,M2,1.68,CHF,CH10 1050102,,Preis aus Einkaufsinfosatz,Rohmaterial,
,,,,,,,,,,,,,
Kanal  (B),1,ST,87.81,0,1,ST,87.81,CHF,CH10 10173477,,Preis aus Einkaufsinfosatz,Zukaufteile,
Abdeckung  (B),1,ST,20.35,5,1,ST,20.35,CHF,CH10 10173478,,,Eigenfertigung,X
,,,,,,,,,,,,,
Blechtafel  2.0x1000x2000 AlMg1 HH14,1,M2,23.59,0,0.249,M2,5.88,CHF,CH10 1050102,,Preis aus Einkaufsinfosatz,Rohmaterial,
,,,,,,,,,,,,,
Abdeckung  (B),1,ST,29.9,5,1,ST,29.9,CHF,CH10 10173479,,,Eigenfertigung,X
,,,,,,,,,,,,,
Blechtafel  2.0x1000x2000 AlMg1 HH14,1,M2,23.61,0,0.563,M2,13.29,CHF,CH10 1050102,,Preis aus Einkaufsinfosatz,Rohmaterial,
,,,,,,,,,,,,,
Abdeckung  (B),1,ST,16.29,5,1,ST,16.29,CHF,CH10 10177377,,,Eigenfertigung,X
,,,,,,,,,,,,,
Blechtafel  2.0x1000x2000 AlMg1 HH14,1,M2,23.6,0,0.171,M2,4.04,CHF,CH10 1050102,,Preis aus Einkaufsinfosatz,Rohmaterial,
,,,,,,,,,,,,,
Abdeckung  (B),1,ST,16.29,5,1,ST,16.29,CHF,CH10 10177378,,,Eigenfertigung,X
,,,,,,,,,,,,,
Blechtafel  2.0x1000x2000 AlMg1 HH14,1,M2,23.6,0,0.171,M2,4.04,CHF,CH10 1050102,,Preis aus Einkaufsinfosatz,Rohmaterial,
,,,,,,,,,,,,,
Abdeckung  (B),1,ST,26.96,5,1,ST,26.96,CHF,CH10 10177383,,,Eigenfertigung,X
,,,,,,,,,,,,,
Blechtafel  2.0x1000x2000 AlMg1 HH14,1,M2,23.59,0,0.273,M2,6.44,CHF,CH10 1050102,,Preis aus Einkaufsinfosatz,Rohmaterial,
,,,,,,,,,,,,,
Abdeckung  (B),1,ST,28.77,5,1,ST,28.77,CHF,CH10 10177384,,,Eigenfertigung,X
,,,,,,,,,,,,,
Blechtafel  2.0x1000x2000 AlMg1 HH14,1,M2,23.6,0,0.345,M2,8.14,CHF,CH10 1050102,,Preis aus Einkaufsinfosatz,Rohmaterial,
,,,,,,,,,,,,,
Linsenschr  ISO7380-2 M5x30 010.9 A2K,1,ST,0.04,0,2,ST,0.07,CHF,CH10 10070528,,Preis aus Einkaufsinfosatz,Zukaufteile,
Schmierung,1,ST,338.54,5,1,ST,338.54,CHF,CH10 10173572,,,Eigenfertigung,X
,,,,,,,,,,,,,
Verteiler,1,ST,294.43,0,1,ST,294.43,CHF,CH10 10173571,,Preis aus Einkaufsinfosatz,Zukaufteile,
,,,,,,,,,,,,,
Schmierung,1,ST,69.65,5,1,ST,69.65,CHF,CH10 10172505,,,Eigenfertigung,X
,,,,,,,,,,,,,
Verteiler,1,ST,25.2,0,1,ST,25.2,CHF,CH10 10172504,,Preis aus Einkaufsinfosatz,Zukaufteile,
Winkelverschraubung  M6 D=6mm,1,ST,3.86,0,2,ST,7.72,CHF,CH10 10143319,,Bewertungspreis laut Preissteuerung im Materialstamm,Zukaufteile,
Steckanschluss  M6 D=4mm,1,ST,2.81,0,1,ST,2.81,CHF,CH10 10172473,,Preis aus Einkaufsinfosatz,Zukaufteile,
Steckanschluss  M6 D=6mm,10,ST,29.96,0,2,ST,5.99,CHF,CH10 10172471,,Preis aus Einkaufsinfosatz,Zukaufteile,
,,,,,,,,,,,,,
Blech  (B),1,ST,12.8,5,1,ST,12.8,CHF,CH10 10173468,,,Eigenfertigung,X
,,,,,,,,,,,,,
Blechtafel  2.0x1000x2000 AlMg1 HH14,1,M2,23.61,0,0.071,M2,1.68,CHF,CH10 1050102,,Preis aus Einkaufsinfosatz,Rohmaterial,
,,,,,,,,,,,,,
Deckel  (B),1,ST,123.97,0,1,ST,123.97,CHF,CH10 10173511,,Preis aus Einkaufsinfosatz,Zukaufteile,
Kupferrohr,1,ST,17.92,0,1,ST,17.92,CHF,CH10 10085736,,Preis aus Einkaufsinfosatz,Zukaufteile,
Blech  (B),1,ST,15.68,0,1,ST,15.68,CHF,CH10 10091046,,Preis aus Einkaufsinfosatz,Zukaufteile,
Blech  (B),1,ST,10.99,0,1,ST,10.99,CHF,CH10 10080410,,Preis aus Einkaufsinfosatz,Zukaufteile,
Halter  kpl. (I),1,ST,1556.88,0,1,ST,1556.88,CHF,CH10 10178069,,Preis aus Einkaufsinfosatz,Zukaufteile,
Kupferrohr,1,ST,31.83,0,1,ST,31.83,CHF,CH10 10152329,,Bewertungspreis laut Preissteuerung im Materialstamm,Zukaufteile,
Kleber  Attachment SSC,1,ST,2.31,25,1,ST,2.31,CHF,CH10 10174976,,,Eigenfertigung,X
Schlauchklemme  D=25-40,100,ST,150.83,100,2,ST,3.02,CHF,CH10 7023,,Preis aus Einkaufsinfosatz,Zukaufteile,
Schlauchklemme  D=25-40,100,ST,150.83,100,2,ST,3.02,CHF,CH10 7023,,Preis aus Einkaufsinfosatz,Zukaufteile,
Schlauchklemme  D=25-40,100,ST,150.83,100,2,ST,3.02,CHF,CH10 7023,,Preis aus Einkaufsinfosatz,Zukaufteile,
Schlauchklemme  D=25-40,100,ST,150.83,100,2,ST,3.02,CHF,CH10 7023,,Preis aus Einkaufsinfosatz,Zukaufteile,
Kettenrad,1,ST,986.61,0,1,ST,986.61,CHF,CH10 10171888,,Preis aus Einkaufsinfosatz,Zukaufteile,
Klemmung,1,ST,176.47,1,2,ST,352.94,CHF,CH10 10130351,,,Eigenfertigung,X
,,,,,,,,,,,,,
Flansch,1,ST,43.56,40,2,ST,87.11,CHF,CH10 3-15325,,,Eigenfertigung,X
,,,,,,,,,,,,,
Rund-Al  D140  AlSi1MgMn,1000,MM,306.15,0,106,MM,32.45,CHF,CH10 1100932,,Preis aus Einkaufsinfosatz,Rohmaterial,
,,,,,,,,,,,,,
Bremsbelag,1,ST,13.45,0,2,ST,26.9,CHF,CH10 4-11274,,Preis aus Einkaufsinfosatz,Fremdfertigung,
Platte,1,ST,7.92,0,2,ST,15.84,CHF,CH10 10130349,,Bewertungspreis laut Preissteuerung im Materialstamm,Zukaufteile,
"Kurzhubzylinder  D=80, H=25  m.verl.K.st",1,ST,90.4,0,2,ST,180.8,CHF,CH10 506562,,Preis aus Einkaufsinfosatz,Zukaufteile,
Flanschbüchse  D20E7/26r7 25/32x3 BP25,1,ST,3.64,0,2,ST,7.28,CHF,CH10 3400463,,Bewertungspreis laut Preissteuerung im Materialstamm,Zukaufteile,
,,,,,,,,,,,,,
Rollenkette,1,ST,2166.05,0,1,ST,2166.05,CHF,CH10 10171889,,Preis aus Einkaufsinfosatz,Zukaufteile,
Flach  (K),1,ST,100.21,0,4,ST,400.84,CHF,CH10 10171860,,Preis aus Einkaufsinfosatz,Zukaufteile,
Flach  (K),1,ST,98.15,0,2,ST,196.29,CHF,CH10 10171865,,Preis aus Einkaufsinfosatz,Zukaufteile,
Schiene,1,ST,196.29,0,2,ST,392.58,CHF,CH10 10171866,,Preis aus Einkaufsinfosatz,Zukaufteile,
Schiene,1,ST,211.79,0,4,ST,847.14,CHF,CH10 10171867,,Preis aus Einkaufsinfosatz,Zukaufteile,
Deckel  (K),1,ST,9.86,15,3,ST,29.58,CHF,CH10 10171859,,,Eigenfertigung,X
,,,,,,,,,,,,,
"Blechtafel  2,00x1500x3000  DC01",1,M2,27.69,0,0.075,M2,2.08,CHF,CH10 1300090,,Bewertungspreis mit USER-EXIT,Rohmaterial,
,,,,,,,,,,,,,
Blende  (K),1,ST,28.45,30,6,ST,170.68,CHF,CH10 10171868,,,Eigenfertigung,X
,,,,,,,,,,,,,
"Blechtafel  2,00x1500x3000  DC01",1,M2,27.69,0,0.762,M2,21.1,CHF,CH10 1300090,,Bewertungspreis mit USER-EXIT,Rohmaterial,
,,,,,,,,,,,,,
Blech  (K),1,ST,5.88,5,2,ST,11.77,CHF,CH10 10174265,,,Eigenfertigung,X
,,,,,,,,,,,,,
"Blechtafel  2,00x1500x3000  DC01",1,M2,27.69,0,0.008,M2,0.22,CHF,CH10 1300090,,Bewertungspreis mit USER-EXIT,Rohmaterial,
,,,,,,,,,,,,,
Blech  (K),1,ST,5.94,5,2,ST,11.88,CHF,CH10 10174266,,,Eigenfertigung,X
,,,,,,,,,,,,,
"Blechtafel  2,00x1500x3000  DC01",1,M2,27.69,0,0.012,M2,0.33,CHF,CH10 1300090,,Bewertungspreis mit USER-EXIT,Rohmaterial,
,,,,,,,,,,,,,
Se-Schr  ISO10642 M8x40 010.9 A2K,100,ST,3.63,100,24,ST,0.87,CHF,CH10 2204140,,Preis aus Einkaufsinfosatz,Zukaufteile,
Querträger  (I),1,ST,117.85,5,1,ST,117.85,CHF,CH10 10172004,,,Eigenfertigung,X
,,,,,,,,,,,,,
Blechtafel  6x1500x3000 DD11,1,M2,78.6,0,1.086,M2,85.36,CHF,CH10 1300179,,Bewertungspreis mit USER-EXIT,Rohmaterial,
,,,,,,,,,,,,,
Spickel  (I),1,ST,47.79,30,6,ST,286.75,CHF,CH10 10172003,,,Eigenfertigung,X
,,,,,,,,,,,,,
Blechtafel  12x1500x3000 DD11,1,M2,161.16,0,1.29,M2,207.9,CHF,CH10 1301125,,Bewertungspreis mit USER-EXIT,Rohmaterial,
,,,,,,,,,,,,,
Puffer,1,ST,212.93,20,4,ST,851.72,CHF,CH10 10172002,,,Eigenfertigung,X
,,,,,,,,,,,,,
Pufferblock  (K),1,ST,110.49,5,4,ST,441.96,CHF,CH10 10174464,,,Eigenfertigung,X
,,,,,,,,,,,,,
Z-Profil,1,ST,13.94,5,4,ST,55.77,CHF,CH10 10174458,,,Eigenfertigung,X
,,,,,,,,,,,,,
Blechtafel  8x1500x4000 S235JRG2,1,M2,107.44,0,0.148,M2,15.9,CHF,CH10 1301007,,Bewertungspreis mit USER-EXIT,Rohmaterial,
,,,,,,,,,,,,,
Profil,1,ST,13.54,5,4,ST,54.18,CHF,CH10 10174459,,,Eigenfertigung,X
,,,,,,,,,,,,,
Blechtafel  8x1500x4000 S235JRG2,1,M2,107.44,0,0.08,M2,8.59,CHF,CH10 1301007,,Bewertungspreis mit USER-EXIT,Rohmaterial,
,,,,,,,,,,,,,
Blech,1,ST,5.43,5,8,ST,43.41,CHF,CH10 10174460,,,Eigenfertigung,X
,,,,,,,,,,,,,
Blechtafel  8x1500x4000 S235JRG2,1,M2,107.44,0,0.208,M2,22.35,CHF,CH10 1301007,,Bewertungspreis mit USER-EXIT,Rohmaterial,
,,,,,,,,,,,,,
Blech,1,ST,1.55,5,4,ST,6.19,CHF,CH10 10174461,,,Eigenfertigung,X
,,,,,,,,,,,,,
Blechtafel  8x1500x4000 S235JRG2,1,M2,107.44,0,0.016,M2,1.72,CHF,CH10 1301007,,Bewertungspreis mit USER-EXIT,Rohmaterial,
,,,,,,,,,,,,,
Blech,1,ST,1.66,5,4,ST,6.65,CHF,CH10 10174462,,,Eigenfertigung,X
,,,,,,,,,,,,,
Blechtafel  8x1500x4000 S235JRG2,1,M2,107.44,0,0.02,M2,2.15,CHF,CH10 1301007,,Bewertungspreis mit USER-EXIT,Rohmaterial,
,,,,,,,,,,,,,
Platte,1,ST,1.78,5,4,ST,7.1,CHF,CH10 10174463,,,Eigenfertigung,X
,,,,,,,,,,,,,
Blechtafel  8x1500x4000 S235JRG2,1,M2,107.44,0,0.024,M2,2.58,CHF,CH10 1301007,,Bewertungspreis mit USER-EXIT,Rohmaterial,
,,,,,,,,,,,,,
Stossdämpfer  SES 1.5Mx2-S313 Hub 50,1,ST,86.78,0,4,ST,347.12,CHF,CH10 10008085,,Bewertungspreis mit USER-EXIT,Zukaufteile,
,,,,,,,,,,,,,
Halter  (K),1,ST,8.08,25,5,ST,40.4,CHF,CH10 10172000,,,Eigenfertigung,X
,,,,,,,,,,,,,
Blechtafel  3x1500x3000 DD11,1,M2,39.3,0,0.165,M2,6.48,CHF,CH10 1301096,,Preis aus Einkaufsinfosatz,Rohmaterial,
,,,,,,,,,,,,,
Endplatte  (K),1,ST,7.92,10,2,ST,15.83,CHF,CH10 10171997,,,Eigenfertigung,X
,,,,,,,,,,,,,
Blechtafel  3x1500x3000 DD11,1,M2,39.3,0,0.052,M2,2.04,CHF,CH10 1301096,,Preis aus Einkaufsinfosatz,Rohmaterial,
,,,,,,,,,,,,,
Endplatte  (K),1,ST,7.92,10,2,ST,15.83,CHF,CH10 10171996,,,Eigenfertigung,X
,,,,,,,,,,,,,
Blechtafel  3x1500x3000 DD11,1,M2,39.3,0,0.052,M2,2.04,CHF,CH10 1301096,,Preis aus Einkaufsinfosatz,Rohmaterial,
,,,,,,,,,,,,,
Blech  (K),1,ST,6.13,20,4,ST,24.5,CHF,CH10 10171999,,,Eigenfertigung,X
,,,,,,,,,,,,,
Blechtafel  1x1500x3000  DC01,1,M2,16.12,0,0.084,M2,1.35,CHF,CH10 1300049,,Bewertungspreis mit USER-EXIT,Rohmaterial,
,,,,,,,,,,,,,
Filter  412 AU Fima G3 50x140,1,ST,2.6,0,4,ST,10.4,CHF,CH10 10171998,,Preis aus Einkaufsinfosatz,Zukaufteile,
Ablagerinne  (K),1,ST,139.72,5,1,ST,139.72,CHF,CH10 10171968,,,Eigenfertigung,X
,,,,,,,,,,,,,
Ablagerinne,1,ST,71.12,5,1,ST,71.12,CHF,CH10 10171969,,,Eigenfertigung,X
,,,,,,,,,,,,,
Blechtafel  3x1500x3000 DD11,1,M2,39.3,0,1.224,M2,48.1,CHF,CH10 1301096,,Preis aus Einkaufsinfosatz,Rohmaterial,
,,,,,,,,,,,,,
Trennsteg,1,ST,4.92,10,2,ST,9.83,CHF,CH10 10171971,,,Eigenfertigung,X
,,,,,,,,,,,,,
Blechtafel  3x1500x3000 DD11,1,M2,39.3,0,0.17,M2,6.68,CHF,CH10 1301096,,Preis aus Einkaufsinfosatz,Rohmaterial,
,,,,,,,,,,,,,
Trennsteg,1,ST,6.85,5,1,ST,6.85,CHF,CH10 10171970,,,Eigenfertigung,X
,,,,,,,,,,,,,
Blechtafel  3x1500x3000 DD11,1,M2,39.31,0,0.128,M2,5.03,CHF,CH10 1301096,,Preis aus Einkaufsinfosatz,Rohmaterial,
,,,,,,,,,,,,,
Ablagerinne  (K),1,ST,102.57,5,1,ST,102.57,CHF,CH10 10171994,,,Eigenfertigung,X
,,,,,,,,,,,,,
Ablagerinne,1,ST,63,5,1,ST,63,CHF,CH10 10171993,,,Eigenfertigung,X
,,,,,,,,,,,,,
Blechtafel  3x1500x3000 DD11,1,M2,39.3,0,1.224,M2,48.1,CHF,CH10 1301096,,Preis aus Einkaufsinfosatz,Rohmaterial,
,,,,,,,,,,,,,
Trennsteg,1,ST,9.45,5,1,ST,9.45,CHF,CH10 10171992,,,Eigenfertigung,X
,,,,,,,,,,,,,
Blechtafel  3x1500x3000 DD11,1,M2,39.31,0,0.177,M2,6.96,CHF,CH10 1301096,,Preis aus Einkaufsinfosatz,Rohmaterial,
,,,,,,,,,,,,,
Deckel  (K),1,ST,35.7,5,1,ST,35.7,CHF,CH10 10171930,,,Eigenfertigung,X
,,,,,,,,,,,,,
"Blechtafel  2,00x1500x3000  DC01",1,M2,27.69,0,0.611,M2,16.92,CHF,CH10 1300090,,Bewertungspreis mit USER-EXIT,Rohmaterial,
,,,,,,,,,,,,,
Abdeckung  (K),1,ST,42.95,5,1,ST,42.95,CHF,CH10 10171929,,,Eigenfertigung,X
,,,,,,,,,,,,,
"Blechtafel  2,00x1500x3000  DC01",1,M2,27.69,0,0.667,M2,18.47,CHF,CH10 1300090,,Bewertungspreis mit USER-EXIT,Rohmaterial,
,,,,,,,,,,,,,
Abdeckung  (K),1,ST,47.75,5,1,ST,47.75,CHF,CH10 10178762,,,Eigenfertigung,X
,,,,,,,,,,,,,
"Blechtafel  2,00x1500x3000  DC01",1,M2,27.69,0,0.493,M2,13.65,CHF,CH10 1300090,,Bewertungspreis mit USER-EXIT,Rohmaterial,
,,,,,,,,,,,,,
Faltenbalg  X,1,ST,1031.51,0,4,ST,4126.04,CHF,CH10 10169510,,Bewertungspreis laut Preissteuerung im Materialstamm,Zukaufteile,
Absaugung  OP 4020,1,ST,1811.02,0,1,ST,1811.02,CHF,CH10 10171586,,Preis aus Einkaufsinfosatz,Zukaufteile,
Winkel  (K),1,ST,55.87,5,2,ST,111.74,CHF,CH10 10177464,,,Eigenfertigung,X
,,,,,,,,,,,,,
"Blechtafel  2,00x1500x3000  DC01",1,M2,27.69,0,1.172,M2,32.45,CHF,CH10 1300090,,Bewertungspreis mit USER-EXIT,Rohmaterial,
,,,,,,,,,,,,,
Winkel  (K),1,ST,42.16,5,2,ST,84.31,CHF,CH10 10177466,,,Eigenfertigung,X
,,,,,,,,,,,,,
"Blechtafel  2,00x1500x3000  DC01",1,M2,27.69,0,1.172,M2,32.45,CHF,CH10 1300090,,Bewertungspreis mit USER-EXIT,Rohmaterial,
,,,,,,,,,,,,,
Winkel  (K),1,ST,28.02,5,1,ST,28.02,CHF,CH10 10177465,,,Eigenfertigung,X
,,,,,,,,,,,,,
"Blechtafel  2,00x1500x3000  DC01",1,M2,27.69,0,0.307,M2,8.5,CHF,CH10 1300090,,Bewertungspreis mit USER-EXIT,Rohmaterial,
,,,,,,,,,,,,,
Winkel  (K),1,ST,27.61,5,1,ST,27.61,CHF,CH10 10177467,,,Eigenfertigung,X
,,,,,,,,,,,,,
"Blechtafel  2,00x1500x3000  DC01",1,M2,27.69,0,0.293,M2,8.11,CHF,CH10 1300090,,Bewertungspreis mit USER-EXIT,Rohmaterial,
,,,,,,,,,,,,,
Blech  (K),1,ST,25.65,5,1,ST,25.65,CHF,CH10 10177629,,,Eigenfertigung,X
,,,,,,,,,,,,,
"Blechtafel  2,00x1500x3000  DC01",1,M2,27.69,0,0.33,M2,9.14,CHF,CH10 1300090,,Bewertungspreis mit USER-EXIT,Rohmaterial,
,,,,,,,,,,,,,
Halter  (K),1,ST,18.58,5,1,ST,18.58,CHF,CH10 10177622,,,Eigenfertigung,X
,,,,,,,,,,,,,
"Blechtafel  2,50x1500x3000  DC01",1,M2,34.53,0,0.025,M2,0.86,CHF,CH10 1300102,,Bewertungspreis laut Preissteuerung im Materialstamm,Rohmaterial,
,,,,,,,,,,,,,
Deckel,1,ST,11.86,5,1,ST,11.86,CHF,CH10 10178763,,,Eigenfertigung,X
,,,,,,,,,,,,,
"Blechtafel  2,00x1500x3000  DC01",1,M2,27.69,0,0.166,M2,4.6,CHF,CH10 1300090,,Bewertungspreis mit USER-EXIT,Rohmaterial,
,,,,,,,,,,,,,
Deckel  (K),1,ST,10.13,5,1,ST,10.13,CHF,CH10 10178764,,,Eigenfertigung,X
,,,,,,,,,,,,,
"Blechtafel  2,00x1500x3000  DC01",1,M2,27.69,0,0.107,M2,2.96,CHF,CH10 1300090,,Bewertungspreis mit USER-EXIT,Rohmaterial,
,,,,,,,,,,,,,
Winkelverschraubung  M6 D=6mm,1,ST,3.86,0,4,ST,15.44,CHF,CH10 10143319,,Bewertungspreis laut Preissteuerung im Materialstamm,Zukaufteile,
6kt-Schr  ISO4017 M5x8 8.8 A2K,1,ST,0.01,0,1,ST,0.01,CHF,CH10 2300048,,Preis aus Einkaufsinfosatz,Zukaufteile,
6kt-Schr  ISO4017 M16x50 8.8 A2K,100,ST,17.76,100,29,ST,5.15,CHF,CH10 2300276,,Preis aus Einkaufsinfosatz,Zukaufteile,
6kt-Schr  ISO4017 M16x60 8.8 A2K,100,ST,19.25,100,6,ST,1.16,CHF,CH10 2300280,,Preis aus Einkaufsinfosatz,Zukaufteile,
Linsenschr  ISO7380-2 M8x10 010.9 A2K,1,ST,0.05,0,2,ST,0.1,CHF,CH10 10069046,,Preis aus Einkaufsinfosatz,Zukaufteile,
Abdeckblech  (K),1,ST,25.15,5,1,ST,25.15,CHF,CH10 10171931,,,Eigenfertigung,X
,,,,,,,,,,,,,
"Blechtafel  2,00x1500x3000  DC01",1,M2,27.69,0,0.617,M2,17.08,CHF,CH10 1300090,,Bewertungspreis mit USER-EXIT,Rohmaterial,
,,,,,,,,,,,,,
Abdeckblech  (K),1,ST,25.18,5,1,ST,25.18,CHF,CH10 10171932,,,Eigenfertigung,X
,,,,,,,,,,,,,
"Blechtafel  2,00x1500x3000  DC01",1,M2,27.69,0,0.618,M2,17.11,CHF,CH10 1300090,,Bewertungspreis mit USER-EXIT,Rohmaterial,
,,,,,,,,,,,,,
Halter  (K),1,ST,282.02,5,1,ST,282.02,CHF,CH10 10174407,,,Eigenfertigung,X
,,,,,,,,,,,,,
Blech,1,ST,61.65,5,1,ST,61.65,CHF,CH10 10174403,,,Eigenfertigung,X
,,,,,,,,,,,,,
Blechtafel  5x1500x3000 DD11,1,M2,65.5,0,0.544,M2,35.63,CHF,CH10 1300165,,Bewertungspreis mit USER-EXIT,Rohmaterial,
,,,,,,,,,,,,,
Blech,1,ST,66.59,5,1,ST,66.59,CHF,CH10 10174405,,,Eigenfertigung,X
,,,,,,,,,,,,,
Blechtafel  5x1500x3000 DD11,1,M2,65.5,0,0.579,M2,37.92,CHF,CH10 1300165,,Bewertungspreis mit USER-EXIT,Rohmaterial,
,,,,,,,,,,,,,
Blech,1,ST,125.58,5,1,ST,125.58,CHF,CH10 10174406,,,Eigenfertigung,X
,,,,,,,,,,,,,
Blechtafel  5x1500x3000 DD11,1,M2,65.5,0,1.56,M2,102.18,CHF,CH10 1300165,,Bewertungspreis mit USER-EXIT,Rohmaterial,
,,,,,,,,,,,,,
Blech  (K),1,ST,61.79,5,2,ST,123.58,CHF,CH10 10173593,,,Eigenfertigung,X
,,,,,,,,,,,,,
Blechtafel  5x1500x3000 DD11,1,M2,65.5,0,1.084,M2,71,CHF,CH10 1300165,,Bewertungspreis mit USER-EXIT,Rohmaterial,
,,,,,,,,,,,,,
Blech  (K),1,ST,5.46,5,1,ST,5.46,CHF,CH10 10174408,,,Eigenfertigung,X
,,,,,,,,,,,,,
"Blechtafel  2,00x1500x3000  DC01",1,M2,27.69,0,0.053,M2,1.47,CHF,CH10 1300090,,Bewertungspreis mit USER-EXIT,Rohmaterial,
,,,,,,,,,,,,,
Blech  (K),1,ST,7.05,5,1,ST,7.05,CHF,CH10 10174409,,,Eigenfertigung,X
,,,,,,,,,,,,,
"Blechtafel  2,00x1500x3000  DC01",1,M2,27.69,0,0.107,M2,2.96,CHF,CH10 1300090,,Bewertungspreis mit USER-EXIT,Rohmaterial,
,,,,,,,,,,,,,
Blech  (K),1,ST,7.11,5,1,ST,7.11,CHF,CH10 10174411,,,Eigenfertigung,X
,,,,,,,,,,,,,
"Blechtafel  2,00x1500x3000  DC01",1,M2,27.69,0,0.109,M2,3.02,CHF,CH10 1300090,,Bewertungspreis mit USER-EXIT,Rohmaterial,
,,,,,,,,,,,,,
Blech  (K),1,ST,17.09,5,1,ST,17.09,CHF,CH10 10174412,,,Eigenfertigung,X
,,,,,,,,,,,,,
"Blechtafel  2,00x1500x3000  DC01",1,M2,27.69,0,0.196,M2,5.43,CHF,CH10 1300090,,Bewertungspreis mit USER-EXIT,Rohmaterial,
,,,,,,,,,,,,,
Winkel  (K),1,ST,13.4,5,1,ST,13.4,CHF,CH10 10178773,,,Eigenfertigung,X
,,,,,,,,,,,,,
"Blechtafel  2,00x1500x3000  DC01",1,M2,27.69,0,0.047,M2,1.3,CHF,CH10 1300090,,Bewertungspreis mit USER-EXIT,Rohmaterial,
,,,,,,,,,,,,,
Versorgungseinheit,1,ST,273.77,0,1,ST,273.77,CHF,CH10 10090711,,Bewertungspreis mit USER-EXIT,Zukaufteile,
Düse  Crossjet,1,ST,26.76,0,1,ST,26.76,CHF,CH10 10121367,,Bewertungspreis mit USER-EXIT,Zukaufteile,
Schutzmittel  Proweld Nr.264,1,ST,28.2,0,1,ST,28.2,CHF,CH10 8861850,,Bewertungspreis laut Preissteuerung im Materialstamm,Zukaufteile,
Kabelsatz  +A5 ByStar Fiber Power Cut,1,ST,110,0,1,ST,110,CHF,CH10 10168090,,Planpreis 1,Zukaufteile,
Schlauchsatz  Power Cut A5,1,ST,150.01,0,1,ST,150.01,CHF,CH10 10168104,,Planpreis 1,Zukaufteile,
U-Profil  (K),1,ST,14.38,5,2,ST,28.75,CHF,CH10 10178769,,,Eigenfertigung,X
,,,,,,,,,,,,,
"Blechtafel  1,50x1500x3000  DC01",1,M2,20.15,0,0.064,M2,1.29,CHF,CH10 1300063,,Bewertungspreis mit USER-EXIT,Rohmaterial,
,,,,,,,,,,,,,
Tablar  (K),1,ST,18.46,15,3,ST,55.39,CHF,CH10 10178768,,,Eigenfertigung,X
,,,,,,,,,,,,,
"Blechtafel  1,50x1500x3000  DC01",1,M2,20.15,0,0.642,M2,12.94,CHF,CH10 1300063,,Bewertungspreis mit USER-EXIT,Rohmaterial,
,,,,,,,,,,,,,
Halter  (K),1,ST,22.8,5,1,ST,22.8,CHF,CH10 10178770,,,Eigenfertigung,X
,,,,,,,,,,,,,
"Blechtafel  1,50x1500x3000  DC01",1,M2,20.15,0,0.158,M2,3.18,CHF,CH10 1300063,,Bewertungspreis mit USER-EXIT,Rohmaterial,
,,,,,,,,,,,,,
Blech  (K),1,ST,30.13,5,1,ST,30.13,CHF,CH10 10174416,,,Eigenfertigung,X
,,,,,,,,,,,,,
"Blechtafel  2,00x1500x3000  DC01",1,M2,27.69,0,0.501,M2,13.87,CHF,CH10 1300090,,Bewertungspreis mit USER-EXIT,Rohmaterial,
,,,,,,,,,,,,,
Blech  (K),1,ST,30.13,5,1,ST,30.13,CHF,CH10 10174417,,,Eigenfertigung,X
,,,,,,,,,,,,,
"Blechtafel  2,00x1500x3000  DC01",1,M2,27.69,0,0.501,M2,13.87,CHF,CH10 1300090,,Bewertungspreis mit USER-EXIT,Rohmaterial,
,,,,,,,,,,,,,
Blech  (K),1,ST,51.94,5,1,ST,51.94,CHF,CH10 10174419,,,Eigenfertigung,X
,,,,,,,,,,,,,
"Blechtafel  2,00x1500x3000  DC01",1,M2,27.69,0,1.289,M2,35.69,CHF,CH10 1300090,,Bewertungspreis mit USER-EXIT,Rohmaterial,
,,,,,,,,,,,,,
Blech  (K),1,ST,45.63,5,1,ST,45.63,CHF,CH10 10174420,,,Eigenfertigung,X
,,,,,,,,,,,,,
"Blechtafel  2,00x1500x3000  DC01",1,M2,27.69,0,0.97,M2,26.86,CHF,CH10 1300090,,Bewertungspreis mit USER-EXIT,Rohmaterial,
,,,,,,,,,,,,,
Kanal  (K),1,ST,26.27,5,1,ST,26.27,CHF,CH10 10174418,,,Eigenfertigung,X
,,,,,,,,,,,,,
"Blechtafel  2,00x1500x3000  DC01",1,M2,27.69,0,0.413,M2,11.44,CHF,CH10 1300090,,Bewertungspreis mit USER-EXIT,Rohmaterial,
,,,,,,,,,,,,,
Niederhalter,1,ST,3.31,28,14,ST,46.27,CHF,CH10 10080260,,,Eigenfertigung,X
,,,,,,,,,,,,,
Blechtafel  5x1500x3000 DD11,1,M2,65.5,0,0.308,M2,20.18,CHF,CH10 1300165,,Bewertungspreis mit USER-EXIT,Rohmaterial,
,,,,,,,,,,,,,
Niederhalter,1,ST,3.44,28,14,ST,48.18,CHF,CH10 10080265,,,Eigenfertigung,X
,,,,,,,,,,,,,
Blechtafel  5x1500x3000 DD11,1,M2,65.5,0,0.308,M2,20.18,CHF,CH10 1300165,,Bewertungspreis mit USER-EXIT,Rohmaterial,
,,,,,,,,,,,,,
Halter  (K),1,ST,9,20,4,ST,35.99,CHF,CH10 10173500,,,Eigenfertigung,X
,,,,,,,,,,,,,
Blechtafel  8x1500x3000 DD12,1,M2,41.02,0,0.028,M2,1.15,CHF,CH10 1301105,,Preis aus Einkaufsinfosatz,Rohmaterial,
,,,,,,,,,,,,,
Halter,1,ST,23.13,10,2,ST,46.27,CHF,CH10 10173508,,,Eigenfertigung,X
,,,,,,,,,,,,,
Flach-St  100/40  S235JRG2,100,MM,2.44,0,168,MM,4.09,CHF,CH10 10033657,,Preis aus Einkaufsinfosatz,Zukaufteile,
,,,,,,,,,,,,,
Blech,1,ST,8.58,0,2,ST,17.15,CHF,CH10 10076662,,Preis aus Einkaufsinfosatz,Zukaufteile,
Blech,1,ST,10.23,0,2,ST,20.46,CHF,CH10 10076659,,Preis aus Einkaufsinfosatz,Zukaufteile,
Blech,1,ST,14.08,0,2,ST,28.16,CHF,CH10 10076660,,Bewertungspreis laut Preissteuerung im Materialstamm,Zukaufteile,
Blech,1,ST,3.4,0,12,ST,40.8,CHF,CH10 10076661,,Bewertungspreis mit USER-EXIT,Zukaufteile,
Einstelllehre,1,ST,5,0,1,ST,5,CHF,CH10 10179505,,Planpreis 1,Zukaufteile,
Einstelllehre,1,ST,10,0,1,ST,10,CHF,CH10 10179506,,Planpreis 1,Zukaufteile,
Scheibe  ISO7093 M10 140HV A2,1,ST,0.06,0,2,ST,0.11,CHF,CH10 10018259,,Preis aus Einkaufsinfosatz,Zukaufteile,
Balken  (B),1,ST,2434.35,1,1,ST,2434.35,CHF,CH10 10170911,,,Montagebaugruppen eig.,X
,,,,,,,,,,,,,
Spickel,1,ST,24.48,10,2,ST,48.95,CHF,CH10 10170879,,,Eigenfertigung,X
,,,,,,,,,,,,,
Blechtafel  5x1500x3000 DD11,1,M2,65.5,0,0.632,M2,41.4,CHF,CH10 1300165,,Bewertungspreis mit USER-EXIT,Rohmaterial,
,,,,,,,,,,,,,
Flachprofil,1,ST,1.57,10,2,ST,3.14,CHF,CH10 10170880,,,Eigenfertigung,X
,,,,,,,,,,,,,
Blechtafel  12x1500x3000 DD11,1,M2,161.16,0,0.004,M2,0.64,CHF,CH10 1301125,,Bewertungspreis mit USER-EXIT,Rohmaterial,
,,,,,,,,,,,,,
Spickel,1,ST,3.59,10,2,ST,7.17,CHF,CH10 10170885,,,Eigenfertigung,X
,,,,,,,,,,,,,
Blechtafel  5x1500x3000 DD11,1,M2,65.5,0,0.056,M2,3.67,CHF,CH10 1300165,,Bewertungspreis mit USER-EXIT,Rohmaterial,
,,,,,,,,,,,,,
Spickel,1,ST,5.07,40,8,ST,40.57,CHF,CH10 10170891,,,Eigenfertigung,X
,,,,,,,,,,,,,
"Blechtafel  1,50x1500x3000  DC01",1,M2,20.15,0,1.384,M2,27.89,CHF,CH10 1300063,,Bewertungspreis mit USER-EXIT,Rohmaterial,
,,,,,,,,,,,,,
Blech,1,ST,11.11,10,2,ST,22.23,CHF,CH10 10170884,,,Eigenfertigung,X
,,,,,,,,,,,,,
"Blechtafel  2,00x1500x3000  DC01",1,M2,27.69,0,0.32,M2,8.86,CHF,CH10 1300090,,Bewertungspreis mit USER-EXIT,Rohmaterial,
,,,,,,,,,,,,,
Deckblech,1,ST,73.52,5,1,ST,73.52,CHF,CH10 10170881,,,Eigenfertigung,X
,,,,,,,,,,,,,
"Blechtafel  2,00x1500x3000  DC01",1,M2,27.69,0,1.992,M2,55.16,CHF,CH10 1300090,,Bewertungspreis mit USER-EXIT,Rohmaterial,
,,,,,,,,,,,,,
Deckel,1,ST,30.38,5,1,ST,30.38,CHF,CH10 10170896,,,Eigenfertigung,X
,,,,,,,,,,,,,
Blechtafel  5x1500x3000 DD11,1,M2,65.5,0,0.348,M2,22.79,CHF,CH10 1300165,,Bewertungspreis mit USER-EXIT,Rohmaterial,
,,,,,,,,,,,,,
Deckel,1,ST,29.29,5,1,ST,29.29,CHF,CH10 10170894,,,Eigenfertigung,X
,,,,,,,,,,,,,
Blechtafel  5x1500x3000 DD11,1,M2,65.5,0,0.348,M2,22.79,CHF,CH10 1300165,,Bewertungspreis mit USER-EXIT,Rohmaterial,
,,,,,,,,,,,,,
Platte,1,ST,49.03,10,2,ST,98.07,CHF,CH10 10170890,,,Eigenfertigung,X
,,,,,,,,,,,,,
Blechtafel  12x1500x3000 DD11,1,M2,161.16,0,0.494,M2,79.61,CHF,CH10 1301125,,Bewertungspreis mit USER-EXIT,Rohmaterial,
,,,,,,,,,,,,,
Flachprofil,1,ST,5.91,10,2,ST,11.81,CHF,CH10 10170887,,,Eigenfertigung,X
,,,,,,,,,,,,,
Blechtafel  15x1500x3000 DD11,1,M2,196.5,0,0.02,M2,3.93,CHF,CH10 1301019,,Bewertungspreis mit USER-EXIT,Rohmaterial,
,,,,,,,,,,,,,
Flachprofil,1,ST,23.24,0,1,ST,23.24,CHF,CH10 10170886,,Preis aus Einkaufsinfosatz,Zukaufteile,
Flachprofil,1,ST,18.08,0,1,ST,18.08,CHF,CH10 10170888,,Preis aus Einkaufsinfosatz,Zukaufteile,
Flachprofil,1,ST,12.91,0,1,ST,12.91,CHF,CH10 10170902,,Preis aus Einkaufsinfosatz,Zukaufteile,
Flachprofil,1,ST,10.44,0,2,ST,20.87,CHF,CH10 10170892,,Preis aus Einkaufsinfosatz,Zukaufteile,
Blech,1,ST,106.43,5,1,ST,106.43,CHF,CH10 10170904,,,Eigenfertigung,X
,,,,,,,,,,,,,
"Blechtafel  2,00x1500x3000  DC01",1,M2,27.69,0,2.428,M2,67.23,CHF,CH10 1300090,,Bewertungspreis mit USER-EXIT,Rohmaterial,
,,,,,,,,,,,,,
Spickel,1,ST,2.36,30,6,ST,14.13,CHF,CH10 10170906,,,Eigenfertigung,X
,,,,,,,,,,,,,
"Blechtafel  1,50x1500x3000  DC01",1,M2,20.15,0,0.354,M2,7.13,CHF,CH10 1300063,,Bewertungspreis mit USER-EXIT,Rohmaterial,
,,,,,,,,,,,,,
Blech,1,ST,32.78,5,1,ST,32.78,CHF,CH10 10170905,,,Eigenfertigung,X
,,,,,,,,,,,,,
"Blechtafel  2,00x1500x3000  DC01",1,M2,27.69,0,0.697,M2,19.3,CHF,CH10 1300090,,Bewertungspreis mit USER-EXIT,Rohmaterial,
,,,,,,,,,,,,,
Blech,1,ST,37.76,5,1,ST,37.76,CHF,CH10 10170907,,,Eigenfertigung,X
,,,,,,,,,,,,,
"Blechtafel  2,00x1500x3000  DC01",1,M2,27.69,0,0.894,M2,24.75,CHF,CH10 1300090,,Bewertungspreis mit USER-EXIT,Rohmaterial,
,,,,,,,,,,,,,
Seitenteil,1,ST,3830,0,1,ST,3830,CHF,CH10 10171156,,Preis aus Einkaufsinfosatz,Zukaufteile,
Seitenteil,1,ST,3830,0,1,ST,3830,CHF,CH10 10171157,,Preis aus Einkaufsinfosatz,Zukaufteile,
Schulterschr  ISO7379 D12 M10x25 012.9,100,ST,90.9,100,4,ST,3.64,CHF,CH10 2352251,,Preis aus Einkaufsinfosatz,Zukaufteile,
Zyl-Schr  ISO4762 M10x40/40 12.9 flZn,1,ST,0.5,0,12,ST,6,CHF,CH10 2200263,,Planpreis 1,Zukaufteile,
Halter,1,ST,42.32,5,2,ST,84.64,CHF,CH10 10172486,,,Eigenfertigung,X
,,,,,,,,,,,,,
4kt-Alu  60/60 EN AW-Al Si1MgMn,100,MM,8.73,0,208,MM,18.15,CHF,CH10 1101860,,Preis aus Einkaufsinfosatz,Rohmaterial,
,,,,,,,,,,,,,
"Stossdämpfer  SES 1,5Mx0,6-S196 Hub 15",1,ST,90.24,0,2,ST,180.48,CHF,CH10 8860043,,Bewertungspreis mit USER-EXIT,Zukaufteile,
Servomotor  TBW30I,1,ST,936.76,0,2,ST,1873.53,CHF,CH10 10076106,,Preis aus Einkaufsinfosatz,Zukaufteile,
"Winkelverschraubung  D6 G3/8"" 3199.06.17",1,ST,2.81,0,2,ST,5.62,CHF,CH10 7074224,,Preis aus Einkaufsinfosatz,Zukaufteile,
Führungsschiene  Gr.25 L=2870mm,1,ST,247.08,0,1,ST,247.08,CHF,CH10 10170652,,Bewertungspreis laut Preissteuerung im Materialstamm,Zukaufteile,
Führungswagen  R1651 Gr.25,1,ST,40.03,0,2,ST,80.06,CHF,CH10 10138601,,Bewertungspreis mit USER-EXIT,Zukaufteile,
Dichtung  R1619 Gr.25,1,ST,3.91,0,4,ST,15.64,CHF,CH10 10130603,,Bewertungspreis laut Preissteuerung im Materialstamm,Zukaufteile,
Abdeckband  R1619-230-00 Gr.25 L=2870mm,1,ST,19.71,0,1,ST,19.71,CHF,CH10 10170722,,Preis aus Einkaufsinfosatz,Zukaufteile,
Führungsschiene  IMS-A Gr.25 L=2870mm,1,ST,1186.39,0,1,ST,1186.39,CHF,CH10 10170650,,Preis aus Einkaufsinfosatz,Zukaufteile,
Führungswagen  IMS-A Gr.25,1,ST,751.09,0,1,ST,751.09,CHF,CH10 10083254,,Preis aus Einkaufsinfosatz,Zukaufteile,
Führungswagen  R1651 Gr.25,1,ST,40.03,0,1,ST,40.03,CHF,CH10 10138601,,Bewertungspreis mit USER-EXIT,Zukaufteile,
Dichtung  R1619 Gr.25,1,ST,3.91,0,3,ST,11.73,CHF,CH10 10130603,,Bewertungspreis laut Preissteuerung im Materialstamm,Zukaufteile,
Abdeckband  R1619-230-00 Gr.25 L=2870mm,1,ST,19.71,0,1,ST,19.71,CHF,CH10 10170722,,Preis aus Einkaufsinfosatz,Zukaufteile,
Anschlusskasten,1,ST,124.71,5,1,ST,124.71,CHF,CH10 10173569,,,Eigenfertigung,X
,,,,,,,,,,,,,
Halter,1,ST,21.46,5,1,ST,21.46,CHF,CH10 10173563,,,Eigenfertigung,X
,,,,,,,,,,,,,
Blechtafel  5.0x1000x2000 AlMg1 HH14,1,M2,60.85,0,0.18,M2,10.95,CHF,CH10 1050236,,Bewertungspreis laut Preissteuerung im Materialstamm,Rohmaterial,
,,,,,,,,,,,,,
Winkel,1,ST,17.8,5,1,ST,17.8,CHF,CH10 10173565,,,Eigenfertigung,X
,,,,,,,,,,,,,
Blechtafel  3.0x1000x2000 AlMg1 H1424,1,M2,24.15,0,0.064,M2,1.55,CHF,CH10 1050225,,Preis aus Einkaufsinfosatz,Rohmaterial,
,,,,,,,,,,,,,
Seitenteil,1,ST,16,5,1,ST,16,CHF,CH10 10173566,,,Eigenfertigung,X
,,,,,,,,,,,,,
Blechtafel  3.0x1000x2000 AlMg1 H1424,1,M2,24.16,0,0.19,M2,4.59,CHF,CH10 1050225,,Preis aus Einkaufsinfosatz,Rohmaterial,
,,,,,,,,,,,,,
Seitenteil,1,ST,22.85,5,1,ST,22.85,CHF,CH10 10173567,,,Eigenfertigung,X
,,,,,,,,,,,,,
Blechtafel  3.0x1000x2000 AlMg1 H1424,1,M2,24.16,0,0.212,M2,5.12,CHF,CH10 1050225,,Preis aus Einkaufsinfosatz,Rohmaterial,
,,,,,,,,,,,,,
Profil,1,ST,13.69,5,1,ST,13.69,CHF,CH10 10173568,,,Eigenfertigung,X
,,,,,,,,,,,,,
Blechtafel  3.0x1000x2000 AlMg1 H1424,1,M2,24.15,0,0.077,M2,1.86,CHF,CH10 1050225,,Preis aus Einkaufsinfosatz,Rohmaterial,
,,,,,,,,,,,,,
Niete  Blind Avinox BE61-0618 A2,100,ST,35.17,0,23,ST,8.09,CHF,CH10 10173540,,Bewertungspreis laut Preissteuerung im Materialstamm,Zukaufteile,
,,,,,,,,,,,,,
"Magnetventil  2/2 G1/4 x ø2,3 24 VDC",1,ST,47.83,0,1,ST,47.83,CHF,CH10 10120863,,Preis aus Einkaufsinfosatz,Zukaufteile,
Modul  EtherCAT Box EP2349-0022,1,ST,114.51,0,1,ST,114.51,CHF,CH10 10054654,,Bewertungspreis mit USER-EXIT,Zukaufteile,
Schutzblech  EP,10,ST,34.89,0,1,ST,3.49,CHF,CH10 10131842,,Bewertungspreis laut Preissteuerung im Materialstamm,Zukaufteile,
Kabelsatz  +B17 AK,1,ST,110,0,1,ST,110,CHF,CH10 10168083,,Planpreis 1,Zukaufteile,
Kabelsatz  +B17 AK sp,1,ST,119.85,0,1,ST,119.85,CHF,CH10 10168073,,Preis aus Einkaufsinfosatz,Zukaufteile,
Schlauchsatz  +B17 AK,1,ST,63.19,0,1,ST,63.19,CHF,CH10 10168105,,Preis aus Einkaufsinfosatz,Zukaufteile,
Abdeckung  (I),1,ST,54.75,0,1,ST,54.75,CHF,CH10 10148242,,Bewertungspreis mit USER-EXIT,Zukaufteile,
Beschriftung  By-Logo 25x30mm,1,ST,3.5,0,1,ST,3.5,CHF,CH10 10083328,,Preis aus Einkaufsinfosatz,Zukaufteile,
Zylinderplatte,1,ST,50.09,0,2,ST,100.18,CHF,CH10 10136758,,Bewertungspreis laut Preissteuerung im Materialstamm,Zukaufteile,
Klemmzylinder  D=63,1,ST,133.67,20,2,ST,267.34,CHF,CH10 2-12776,,,Montagebaugruppen eig.,X
,,,,,,,,,,,,,
Flansch,10,ST,265.51,0,2,ST,53.1,CHF,CH10 3-15327,,Preis aus Einkaufsinfosatz,Fremdfertigung,
Federblech,1,ST,5.15,0,2,ST,10.3,CHF,CH10 3-15328,,Bewertungspreis laut Preissteuerung im Materialstamm,Fremdfertigung,
Bremsbelag,1,ST,11.22,0,2,ST,22.44,CHF,CH10 4-11275,,Bewertungspreis laut Preissteuerung im Materialstamm,Fremdfertigung,
"Kurzhubzylinder  D=63, H=25 m.verl.K.st.",1,ST,70.15,0,2,ST,140.3,CHF,CH10 506563,,Bewertungspreis mit USER-EXIT,Zukaufteile,
Flanschbüchse  D16/22x25-28/3,10,ST,30.6,0,2,ST,6.12,CHF,CH10 3400457,,Preis aus Einkaufsinfosatz,Zukaufteile,
,,,,,,,,,,,,,
Halter,1,ST,33.26,5,2,ST,66.53,CHF,CH10 10178615,,,Eigenfertigung,X
,,,,,,,,,,,,,
Bodenplatte,1,ST,3.28,5,2,ST,6.56,CHF,CH10 10178621,,,Eigenfertigung,X
,,,,,,,,,,,,,
Blechtafel  10x1500x3000 DD11,1,M2,138.44,0,0.026,M2,3.6,CHF,CH10 1301115,,Bewertungspreis mit USER-EXIT,Rohmaterial,
,,,,,,,,,,,,,
Platte,1,ST,3.72,5,2,ST,7.44,CHF,CH10 10178624,,,Eigenfertigung,X
,,,,,,,,,,,,,
Blechtafel  10x1500x3000 DD11,1,M2,138.44,0,0.032,M2,4.43,CHF,CH10 1301115,,Bewertungspreis mit USER-EXIT,Rohmaterial,
,,,,,,,,,,,,,
Seitenblech,1,ST,4.01,10,4,ST,16.06,CHF,CH10 10178605,,,Eigenfertigung,X
,,,,,,,,,,,,,
Blechtafel  10x1500x3000 DD11,1,M2,138.44,0,0.072,M2,9.97,CHF,CH10 1301115,,Bewertungspreis mit USER-EXIT,Rohmaterial,
,,,,,,,,,,,,,
Sockel  (K),1,ST,80.47,5,5,ST,402.33,CHF,CH10 10172248,,,Eigenfertigung,X
,,,,,,,,,,,,,
Platte,1,ST,15.79,5,5,ST,78.95,CHF,CH10 10172180,,,Eigenfertigung,X
,,,,,,,,,,,,,
Blechtafel  15x1500x3000 DD11,1,M2,196.5,0,0.27,M2,53.06,CHF,CH10 1301019,,Bewertungspreis mit USER-EXIT,Rohmaterial,
,,,,,,,,,,,,,
Platte,1,ST,22.74,5,5,ST,113.69,CHF,CH10 10172226,,,Eigenfertigung,X
,,,,,,,,,,,,,
Blechtafel  25x1000x2000 S235JRC  C Las,1,M2,288.87,0,0.155,M2,44.78,CHF,CH10 1301022,,Preis aus Einkaufsinfosatz,Rohmaterial,
,,,,,,,,,,,,,
U-Profil,1,ST,12.75,5,5,ST,63.73,CHF,CH10 10172249,,,Eigenfertigung,X
,,,,,,,,,,,,,
Blechtafel  8x1500x3000 DD12,1,M2,40.99,0,0.535,M2,21.93,CHF,CH10 1301105,,Preis aus Einkaufsinfosatz,Rohmaterial,
,,,,,,,,,,,,,
Bodenbefestigung  (K),1,ST,64.78,5,18,ST,1166.08,CHF,CH10 10172171,,,Eigenfertigung,X
,,,,,,,,,,,,,
Platte,1,ST,15.43,5,18,ST,277.81,CHF,CH10 10172178,,,Eigenfertigung,X
,,,,,,,,,,,,,
Blechtafel  20x1500x3000  S235JRC MC,1,M2,285.14,0,0.576,M2,164.23,CHF,CH10 1301026,,Bewertungspreis mit USER-EXIT,Rohmaterial,
,,,,,,,,,,,,,
Platte,1,ST,8.18,5,18,ST,147.24,CHF,CH10 10172161,,,Eigenfertigung,X
,,,,,,,,,,,,,
Blechtafel  12x1500x3000 DD11,1,M2,161.16,0,0.63,M2,101.52,CHF,CH10 1301125,,Bewertungspreis mit USER-EXIT,Rohmaterial,
,,,,,,,,,,,,,
Platte,1,ST,2.6,5,18,ST,46.76,CHF,CH10 10172169,,,Eigenfertigung,X
,,,,,,,,,,,,,
Blechtafel  12x1500x3000 DD11,1,M2,161.16,0,0.144,M2,23.22,CHF,CH10 1301125,,Bewertungspreis mit USER-EXIT,Rohmaterial,
,,,,,,,,,,,,,
Abdeckband,1,ST,100.21,0,2,ST,200.42,CHF,CH10 10079480,,Bewertungspreis mit USER-EXIT,Zukaufteile,
Nivellierelement  PRG 125/910,1,ST,13.29,0,8,ST,106.32,CHF,CH10 10079276,,Bewertungspreis mit USER-EXIT,Zukaufteile,
Gewindebolzen  G2,1,ST,7.16,0,8,ST,57.28,CHF,CH10 10079274,,Bewertungspreis mit USER-EXIT,Zukaufteile,
Führungsschiene  IMS-A Gr.35 L=6408mm,1,ST,2822.84,0,2,ST,5645.68,CHF,CH10 10170633,,Preis aus Einkaufsinfosatz,Zukaufteile,
Führungswagen  IMS-A Gr.35,1,ST,791.16,0,2,ST,1582.32,CHF,CH10 10170626,,Preis aus Einkaufsinfosatz,Zukaufteile,
Führungswagen  R1653 Gr.35,1,ST,48.65,0,2,ST,97.3,CHF,CH10 10138734,,Preis aus Einkaufsinfosatz,Zukaufteile,
Dichtung  R1619 Gr.35,1,ST,4.58,0,6,ST,27.48,CHF,CH10 10130604,,Bewertungspreis laut Preissteuerung im Materialstamm,Zukaufteile,
Abdeckband  R1619-330-20 Gr.35 L=6408mm,1,ST,31.39,0,2,ST,62.77,CHF,CH10 10170654,,Preis aus Einkaufsinfosatz,Zukaufteile,
Verstärkung  (I),1,ST,54.34,5,1,ST,54.34,CHF,CH10 10177623,,,Eigenfertigung,X
,,,,,,,,,,,,,
Platte,1,ST,25.49,5,1,ST,25.49,CHF,CH10 10177620,,,Eigenfertigung,X
,,,,,,,,,,,,,
Blechtafel  12x1500x3000 DD11,1,M2,161.16,0,0.12,M2,19.34,CHF,CH10 1301125,,Bewertungspreis mit USER-EXIT,Rohmaterial,
,,,,,,,,,,,,,
Platte,1,ST,11.59,5,1,ST,11.59,CHF,CH10 10177621,,,Eigenfertigung,X
,,,,,,,,,,,,,
Blechtafel  12x1500x3000 DD11,1,M2,161.16,0,0.008,M2,1.29,CHF,CH10 1301125,,Bewertungspreis mit USER-EXIT,Rohmaterial,
,,,,,,,,,,,,,
Magnet  TB 288mm,1,ST,136.32,0,36,ST,4907.52,CHF,CH10 10063179,,Bewertungspreis laut Preissteuerung im Materialstamm,Zukaufteile,
Magnetventil  VMPA1-M1H-K-M7-PI 533381,1,ST,66.09,0,1,ST,66.09,CHF,CH10 10043702,,Preis aus Einkaufsinfosatz,Zukaufteile,
Druckregler  NES_AC10-KJl154,1,ST,14.12,0,1,ST,14.12,CHF,CH10 10074395,,Bewertungspreis mit USER-EXIT,Zukaufteile,
Platte  (K),1,ST,138.13,0,5,ST,690.63,CHF,CH10 10172187,,Preis aus Einkaufsinfosatz,Zukaufteile,
Platte  (K),1,ST,27.98,40,4,ST,111.91,CHF,CH10 10077919,,,Eigenfertigung,X
,,,,,,,,,,,,,
Blechtafel  12x1500x3000 DD11,1,M2,161.16,0,0.128,M2,20.63,CHF,CH10 1301125,,Bewertungspreis mit USER-EXIT,Rohmaterial,
,,,,,,,,,,,,,
Halter  (K),1,ST,4.29,40,4,ST,17.16,CHF,CH10 10135296,,,Eigenfertigung,X
,,,,,,,,,,,,,
"Blechtafel  1,50x1500x3000  DC01",1,M2,20.15,0,0.028,M2,0.56,CHF,CH10 1300063,,Bewertungspreis mit USER-EXIT,Rohmaterial